Model,Accuracy (%),Mean Error,Median Error,Standard Deviation,R²,MAE,RMSE,Theil's U,YearWeek
Model 1 - Kasten Model,93.72547960333002,-6.895077358978023,-1.307637907,46.543374151189795,0.4993887231689945,34.66499611645054,46.79767549836097,0.22615188561792754,2024-01-01/2024-01-07
Model  2 - Balint et al. Model,94.89056692895001,-5.614761616538461,-2.6465789920000002,48.14312065601751,0.4688052781918812,36.429898766076924,48.20597186728793,0.23173860540477706,2024-01-01/2024-01-07
Model 3  - Real World GHI,96.99984011187999,3.2968789979340665,-0.06718529,44.98677113862129,0.5399819635415873,32.77857745061538,44.86021982691491,0.2114572312489093,2024-01-01/2024-01-07
Model 4 - Karamov Naumov,99.52863998493001,-0.5179780385384611,-3.4369259920000004,61.32609478815306,0.14969422693520784,43.210042440164834,60.99040697316901,0.2744907043578701,2024-01-01/2024-01-07
Model 5 - HDKR,92.41602218972997,8.334041549747253,-2.998585573,68.68936813781893,-0.08255208153791815,46.63166095047253,68.81741690991025,0.30023193507442275,2024-01-01/2024-01-07
LSTM,44.64689421297999,60.827588776945056,68.539533,68.71097890179897,-0.9131184881941916,74.59925735947252,91.48394872613474,0.3338766918664809,2024-01-01/2024-01-07
GRU,32.627850992310016,-74.03532857987912,-63.44758498000001,67.19831748369756,-1.2738083607203672,74.6400565922967,99.7357589839367,0.872817515633215,2024-01-01/2024-01-07
ANN,39.118049408310014,-66.90324240845055,-53.852690639,61.53938318708529,-0.8793356233323151,67.51811301735164,90.67261489409785,0.7345292521449458,2024-01-01/2024-01-07
BiLSTM,99.06453537654,1.027983102703295,-2.998585573,58.32217298250809,0.23076864721106716,41.934664582351644,58.009945311482944,0.2690072248877235,2024-01-01/2024-01-07
Autoencoder with LSTM/GRU,49.75470412922001,-55.21461084701099,-36.1541479,55.93316090572311,-0.40416422662955376,57.48342966131868,78.37596835662364,0.5624430904684207,2024-01-01/2024-01-07
CNN+Transformer,81.94051950518,-19.84558296134066,-26.637933160000003,98.64507326216751,-1.2899337303349871,79.07586721371429,100.08878668027113,0.4891076900681726,2024-01-01/2024-01-07
"Meta-learning + LSTM En-
semble",55.51434668742002,-48.88533331052747,-57.991047899999984,96.56685765454243,-1.6544605733806295,89.39699755975825,107.7611226113005,0.6374666738724197,2024-01-01/2024-01-07
MLPNN,63.52795453792001,-40.07917083745055,-29.475401960000003,82.57879629665399,-0.9088548237055456,68.95100430107692,91.38194918113015,0.5299388170118005,2024-01-01/2024-01-07
"Physical PV model + XG-
Boost + Dempster–Shafer
Theory",28.269984266110015,-78.82419311416484,-67.649472722,66.50792688902354,-1.4202707244262234,79.08473603504396,102.89776488916078,0.9646982044078155,2024-01-01/2024-01-07
Spiking NN,44.89977362284004,60.549699315560446,55.942385099999996,67.847516477457,-0.8787511102827867,74.42373105982418,90.6585132489205,0.35932901989966315,2024-01-01/2024-01-07
Clausen et al. Unreal Digital Twin,31.57056222506999,75.19718436805495,57.0127732,72.65233994880744,-1.4858809970698954,77.94726465154945,104.28314846322696,0.3506151919317485,2024-01-01/2024-01-07
Model 1 - Kasten Model,98.28569980613,-2.8571669897833343,-6.052046005000001,68.96861926329777,-0.08600007199916337,45.521935189850005,68.45112128793173,0.33714445321929615,2024-01-08/2024-01-14
Model  2 - Balint et al. Model,98.36897128013999,-2.7183811997666667,-6.134680630000002,70.33483245872726,-0.12919675550133047,46.26686278916666,69.79920087217705,0.3421498784018125,2024-01-08/2024-01-14
Model 3  - Real World GHI,98.82744007736,-1.9542665377333313,-2.7849208700000005,48.86869394546086,0.45482406923592167,35.41331959086667,48.499133169264404,0.25252694736500153,2024-01-08/2024-01-14
Model 4 - Karamov Naumov,98.3966954307,2.672174282166665,-1.8620933525,51.44808147844038,0.39508038586388183,33.594994392400004,51.08747907667438,0.2499924117397965,2024-01-08/2024-01-14
Model 5 - HDKR,97.54797612378,-4.086706460366665,-2.4533256919999986,39.57963448339819,0.6390922189047903,27.9037185673,39.46060707974408,0.21515643619113112,2024-01-08/2024-01-14
LSTM,88.34019391446,-19.433010142566665,-7.935009570000002,56.731128590369714,0.17895099976402895,45.871732077966655,59.51825337787177,0.3938957465917137,2024-01-08/2024-01-14
GRU,67.73882110718,-53.76863148803333,-25.470245220000002,66.93827649584485,-0.6912982199887368,55.80692386516668,85.42318017567716,0.8326944997608321,2024-01-08/2024-01-14
ANN,72.41512106501,-45.974798224983324,-16.771090445,62.905726308028065,-0.3917833254474221,49.11974870494999,77.49103368000793,0.6944018673052529,2024-01-08/2024-01-14
BiLSTM,92.39707850522001,12.671535824633334,1.7080406099999976,48.66576793956131,0.4230043913545658,36.94944327513333,49.89441023952228,0.2658390175071417,2024-01-08/2024-01-14
Autoencoder with LSTM/GRU,70.98205090283,-48.36324849528334,-28.44861288,58.956474875248006,-0.33432099960967987,50.68035536295,75.87449265664765,0.6689015662528175,2024-01-08/2024-01-14
CNN+Transformer,77.73559588107,-37.10734019821666,-29.41959365,81.4245364627765,-0.8301995432098643,66.12945553605,88.86174982781532,0.6386629776967362,2024-01-08/2024-01-14
"Meta-learning + LSTM En-
semble",86.77366417690001,-22.0438930385,-18.865277150000004,83.33529392751552,-0.6954327669697304,61.25364770076667,85.52752917849594,0.5389653662852437,2024-01-08/2024-01-14
MLPNN,87.7249553013,-20.458407831166667,-18.657155850000002,97.10134994847415,-1.2459279395082214,73.87989927476666,98.4381738797105,0.587310503199708,2024-01-08/2024-01-14
"Physical PV model + XG-
Boost + Dempster–Shafer
Theory",63.2856346137,-61.19060897716667,-35.747775407000006,66.2392275070488,-0.8678372183932257,61.49502951003334,89.77081170058322,0.9615451168991099,2024-01-08/2024-01-14
Spiking NN,45.16264531910005,91.39559113483334,116.838424705,66.2392275070488,-1.936061786540611,103.12818754483334,112.55070895054675,0.4576214318815665,2024-01-08/2024-01-14
Clausen et al. Unreal Digital Twin,56.68611704132001,72.18980493113332,66.41515240999999,52.8251117360977,-0.8438607940899889,72.61064271036666,89.19278086684353,0.3436363565261601,2024-01-08/2024-01-14
Model 1 - Kasten Model,96.82039773702,-7.94900565745,-12.918230865,28.818702908297617,0.6475265652756969,24.98776249695,29.5455815195094,0.2254053227134672,2024-01-29/2024-02-04
Model  2 - Balint et al. Model,97.71294416362,-5.71763959095,-12.410036365,32.01826556996765,0.5832089218264646,26.474940533450003,32.12835973634898,0.24135428493224892,2024-01-29/2024-02-04
Model 3  - Real World GHI,97.14148439444,-7.1462890139,-6.88976111,27.516070301841076,0.681309018895244,19.1949597529,28.094042400563353,0.21386077976005097,2024-01-29/2024-02-04
Model 4 - Karamov Naumov,94.22850103804,-14.4287474049,-12.7782842,28.30880586988765,0.600445735372383,25.765770314399997,31.45699491701201,0.2462388650926352,2024-01-29/2024-02-04
Model 5 - HDKR,92.803057451,-17.9923563725,-16.684798,35.49148406723957,0.37338726584618254,29.151047404899998,39.39389791703512,0.31138918614184086,2024-01-29/2024-02-04
LSTM,45.72383222068001,135.69041944830002,132.06428643499999,61.106348248530324,-7.90429727026177,136.1504972418,148.5009295641596,0.5392977519779021,2024-01-29/2024-02-04
GRU,83.94690288149,-40.132742796275004,-22.202010254999998,52.41149391728526,-0.7317692482307356,42.436211722975,65.48990473063427,0.7890258149483752,2024-01-29/2024-02-04
ANN,85.34165892812,-36.645852679700006,-19.963540375,48.678766025711916,-0.47511768450889935,38.48704554985001,60.44253654392435,0.7025032389129029,2024-01-29/2024-02-04
BiLSTM,97.53111951356,6.1722012160999995,9.16146938,38.8954669242755,0.38903248897516485,26.5742394969,38.89899717766514,0.27828454090480786,2024-01-29/2024-02-04
Autoencoder with LSTM/GRU,88.59617359661999,-28.509566008449998,-16.230292625,40.84118162933629,0.015149176091839078,33.31523703335,49.3872191761046,0.5027576776729409,2024-01-29/2024-02-04
CNN+Transformer,94.62211997042,-13.444700073949997,-21.462545635,60.906666872316876,-0.5333993266659589,48.751505966450004,61.62500691956529,0.46023128849103073,2024-01-29/2024-02-04
"Meta-learning + LSTM En-
semble",92.76315382832,-18.0921154292,-10.896379755,69.8981257725653,-1.0555987275736514,53.6597370392,71.35074580940216,0.5767147393355951,2024-01-29/2024-02-04
MLPNN,95.69044749712,-10.7738812572,-20.58682563,89.72125274334259,-2.215973640096962,66.60323421860001,89.24534795345433,0.6180189462509391,2024-01-29/2024-02-04
"Physical PV model + XG-
Boost + Dempster–Shafer
Theory",80.81988559282,-47.95028601795,-33.462061122,50.39959413281949,-0.9283755841267547,48.04453252235,69.10749627021167,0.9502314316308654,2024-01-29/2024-02-04
Spiking NN,58.54048414338,103.64878964155,117.471027245,49.71019297760398,-4.310632211681387,107.00189908155001,114.68390165093855,0.511172894593182,2024-01-29/2024-02-04
Clausen et al. Unreal Digital Twin,72.66404899199,68.339877520025,63.97133543500001,46.46250830157787,-1.7356417446495507,68.839364453725,82.31120470619027,0.3854221458982978,2024-01-29/2024-02-04
Model 1 - Kasten Model,85.80789596432999,14.192104035670003,8.725955990999996,69.34992836653208,0.35337482216252036,51.10708928833,70.4466766835596,0.2767811359824052,2024-02-05/2024-02-11
Model  2 - Balint et al. Model,85.64610732480999,14.353892675190002,8.690112300500001,69.884601783804,0.34317016172993897,51.51463117853001,71.00037482821429,0.27841811170902314,2024-02-05/2024-02-11
Model 3  - Real World GHI,78.03217501285998,21.96782498714,16.434672330000005,55.508740930871156,0.5396645476171682,41.571921689460005,59.43898931845055,0.23239226005796051,2024-02-05/2024-02-11
Model 4 - Karamov Naumov,74.80425705246,25.19574294754,15.01104891500001,65.75768592775526,0.35950867862378555,51.7492607268,70.11175357004046,0.2571785810718598,2024-02-05/2024-02-11
Model 5 - HDKR,72.88122209217998,27.118777907820004,8.351993892,72.77732630652135,0.22095905236606217,47.20321873589999,77.32400628069068,0.27735966589958805,2024-02-05/2024-02-11
LSTM,93.22547820533,-6.774521794669998,-10.334109835,83.78855203029292,0.08842070730724094,55.55493030109001,83.64335229034182,0.3758485366854693,2024-02-05/2024-02-11
GRU,27.406815442840013,-72.59318455715999,-31.978713886499996,87.84095075061312,-0.6819464798055561,73.6514158321,113.61620811589258,0.8923517977859317,2024-02-05/2024-02-11
ANN,37.16175503217001,-62.83824496782999,-24.65584903,81.1881596520003,-0.3647540974961021,64.93987342879001,102.34376935426461,0.7331242506685712,2024-02-05/2024-02-11
BiLSTM,84.69046462641,15.30953537359,2.591670399999998,70.26666111298735,0.33256949155744076,55.07402494617,71.57102416958232,0.29847022524175426,2024-02-05/2024-02-11
Autoencoder with LSTM/GRU,42.802960507840005,-57.197039492159995,-21.704792245,80.61868941956305,-0.26463890610444096,65.01928335904,98.51842812163825,0.6588886600004277,2024-02-05/2024-02-11
CNN+Transformer,74.30209822102,-25.697901778979993,-24.530801690000004,115.59866569927881,-0.8097879053237682,89.15372479903999,117.85500902456876,0.5684889274210359,2024-02-05/2024-02-11
"Meta-learning + LSTM En-
semble",61.09996826414001,-38.90003173586,-23.73535321,118.63586619618658,-1.012676392850492,92.88236088439999,124.28570525080188,0.651947084467345,2024-02-05/2024-02-11
MLPNN,57.31907858724,-42.68092141276001,-23.603407615000002,107.58793187515796,-0.7304726445354375,80.45782571756001,115.24353564067745,0.606996734672074,2024-02-05/2024-02-11
"Physical PV model + XG-
Boost + Dempster–Shafer
Theory",22.753773389040006,-77.24622661096001,-32.809302992,88.04741447944066,-0.7774744723511176,77.48349408125999,116.79813033683824,0.9705460355846433,2024-02-05/2024-02-11
Spiking NN,24.660026498960065,75.33997350104,119.77689712,88.04741447944066,-0.739575501777503,106.47499120704,115.54624758808346,0.4233565868866028,2024-02-05/2024-02-11
Clausen et al. Unreal Digital Twin,8.093792679129947,91.90620732087001,66.06946994999998,78.26026565873316,-0.8906197658793307,92.60416466679,120.45818126334332,0.37184596156781413,2024-02-05/2024-02-11
Model 1 - Kasten Model,98.43062261089,-19.617217363875,-18.0577865,29.388214009111508,-0.6886525015371647,26.180925698125,33.77194026727202,0.4253579097502414,2024-02-12/2024-02-18
Model  2 - Balint et al. Model,98.42217735459,-19.722783067625002,-18.19941918,29.54981523752677,-0.7071401361572103,26.351818386875003,33.95630729235834,0.4293555817915716,2024-02-12/2024-02-18
Model 3  - Real World GHI,99.18371689793,-10.203538775875,-5.304114514000002,35.589986215576324,-0.7950823434397527,26.343172512625,34.81994302870962,0.3833098442280037,2024-02-12/2024-02-18
Model 4 - Karamov Naumov,98.07180723289,-24.102409588875002,-28.446291735,25.50495252608566,-0.7028244605306497,27.007336511375,33.91335910711355,0.45336690629520887,2024-02-12/2024-02-18
Model 5 - HDKR,98.05982377997,-24.252202750374998,-26.167543185000003,30.03221945009071,-1.039277307770226,29.403227484625,37.11282484137259,0.5023797620813533,2024-02-12/2024-02-18
LSTM,95.19058800891,60.117649888625,57.300902949999994,18.709447770391794,-4.8044468729391125,60.117649888625,62.613256060679234,0.39921501634271755,2024-02-12/2024-02-18
GRU,97.74767370775,-28.154078653125,-29.774189059999998,25.21366073287167,-0.9971595676426559,29.968720731875003,36.727574741802094,0.5657946387804398,2024-02-12/2024-02-18
ANN,97.65307103862,-29.336612017249998,-32.461739869999995,25.098090814707124,-1.090282759247875,29.96266503,37.57408278156677,0.5840155743100585,2024-02-12/2024-02-18
BiLSTM,99.4317962646,-7.102546692500001,-5.014410819500002,27.47862876486384,-0.05288619955432261,20.32645940675,26.66714886272424,0.2918592826686931,2024-02-12/2024-02-18
Autoencoder with LSTM/GRU,99.4317962646,-7.102546692500001,-5.014410819500002,27.47862876486384,-0.05288619955432261,20.32645940675,26.66714886272424,0.2918592826686931,2024-02-12/2024-02-18
CNN+Transformer,98.52309485409,-18.461314323875,-27.542690985,41.670610095966964,-1.7541592468324412,38.037532826875,43.130092790460736,0.5213926119236255,2024-02-12/2024-02-18
"Meta-learning + LSTM En-
semble",97.66131014559,-29.233623180125,-41.046309035,44.2254627433413,-2.799151210810128,42.850178477625,50.65579764195188,0.6260791041894439,2024-02-12/2024-02-18
MLPNN,96.26728870671,46.658891166124995,7.430846068500003,118.7715055415973,-20.498418317072847,100.446351116125,120.50057608738959,0.6478181402060703,2024-02-12/2024-02-18
"Physical PV model + XG-
Boost + Dempster–Shafer
Theory",96.76292195593,-40.463475550875,-41.468426047,27.783172930089265,-2.424122870925572,40.463475550875,48.090638012627764,0.9244532484949228,2024-02-12/2024-02-18
Spiking NN,91.03018203511,112.122724561125,111.11777406499999,27.78317293008926,-18.612964445781323,112.122724561125,115.09527346427063,0.5625192221063338,2024-02-12/2024-02-18
Clausen et al. Unreal Digital Twin,98.72486127394001,15.939234075749997,19.165812479999996,24.660890442460584,-0.164020469858273,22.226765246,28.039236092656186,0.23973240627981757,2024-02-12/2024-02-18
Model 1 - Kasten Model,97.60463494303,-8.259879506793101,-3.2197074400000005,23.221320563163005,0.8153419043459117,16.666562798448275,24.266462650912946,0.1801661238577954,2024-02-26/2024-03-03
Model  2 - Balint et al. Model,98.93690344481,-3.6658501903103455,-0.606082037,27.064491342604544,0.7740095775704423,19.71787650665517,26.845241430675102,0.1938169405835188,2024-02-26/2024-03-03
Model 3  - Real World GHI,99.29369325727,2.435540492172414,-0.005657709,21.443094512488326,0.858923470882252,15.001689330931036,21.21044011865426,0.14062993041687985,2024-02-26/2024-03-03
Model 4 - Karamov Naumov,94.50130043483,-18.96103298334483,-13.72635913,24.059241581806592,0.712001059591242,21.094726863413793,30.3052410033358,0.24014661575040003,2024-02-26/2024-03-03
Model 5 - HDKR,93.56156251647,22.20150856389655,-0.005657709,49.41963022112683,0.10597216929206632,34.498624066999994,53.39465888511372,0.2735117146359815,2024-02-26/2024-03-03
LSTM,68.26056812709,109.44631680313793,100.12015665,40.292298050169244,-3.2478185687343677,109.44631680313793,116.38721512499365,0.47761739358753275,2024-02-26/2024-03-03
GRU,89.4836601925,-36.26324071551724,-8.257037350000001,55.48049401744398,-0.34432892619831956,39.28055163165518,65.4749339371906,0.7319150999720875,2024-02-26/2024-03-03
ANN,90.00985786758,-34.448765973862066,-7.431669549999999,52.06476350462684,-0.19287244603847986,37.14413606848275,61.676440369446794,0.6718205560069561,2024-02-26/2024-03-03
BiLSTM,98.16082984043,-6.341966067482758,1.6202388890000003,44.0213329431638,0.40065268237617047,28.73818139113793,43.71813029926134,0.34003721804786746,2024-02-26/2024-03-03
Autoencoder with LSTM/GRU,91.80424493151,-28.26122437410345,-10.33142274,45.1902858291097,0.13123152296766827,31.464827245137933,52.634963279450794,0.5155671836922189,2024-02-26/2024-03-03
CNN+Transformer,96.54722236791001,-11.906129765827588,-11.087330113,63.50854033018098,-0.2656325965859827,48.32195603803449,63.52960029900461,0.45553073206593214,2024-02-26/2024-03-03
"Meta-learning + LSTM En-
semble",97.23780755881,-9.524801521344829,-18.36809121,74.39275358201442,-0.7040735388851058,49.202389966999995,73.71679813032145,0.49184446728693826,2024-02-26/2024-03-03
MLPNN,94.01701497661,-20.63098283927586,-14.23424213,82.24948508517275,-1.1817181410461757,56.55904243417241,83.41067169882997,0.6104210071598951,2024-02-26/2024-03-03
"Physical PV model + XG-
Boost + Dempster–Shafer
Theory",86.29377455133,-47.262846374724134,-22.145229442,57.470143350207934,-0.7004790519679127,47.53480348906896,73.63900983694366,0.9545041252139523,2024-02-26/2024-03-03
Spiking NN,69.45623007518999,105.32334456831032,130.44097067,57.47013764321649,-3.4786013766362,110.8159262579655,119.50704330722921,0.5201948320469467,2024-02-26/2024-03-03
Clausen et al. Unreal Digital Twin,88.23332023387,40.57475781424138,34.987738223,41.8191949229,-0.04575956287325922,45.70974394113793,57.748169091989126,0.31301121790351083,2024-02-26/2024-03-03
Model 1 - Kasten Model,89.32067281179002,-10.469928615892156,-4.6632156904999995,65.4998937406671,-0.1372228832607143,50.06738519061764,66.01359213995981,0.32991819475462597,2024-03-04/2024-03-10
Model  2 - Balint et al. Model,89.13961895025,-10.647432401715685,-4.1957292785,65.70725463995741,-0.14523155086973727,50.28210948761765,66.24562818374,0.3314788717196667,2024-03-04/2024-03-10
Model 3  - Real World GHI,97.65388187941998,2.300115804490194,1.836098179999997,54.41790203007128,0.233404058464451,39.24650865056863,54.19931883422926,0.25696598917579416,2024-03-04/2024-03-10
Model 4 - Karamov Naumov,99.88659803783997,0.11117839427451046,-1.8767093644999986,61.43992989492044,0.024554701252660793,46.74210983141176,61.138113038252676,0.2828438768140654,2024-03-04/2024-03-10
Model 5 - HDKR,94.66090454325,-5.234407310539214,-4.842811424499997,69.27848985117377,-0.24736485972977884,47.83097564781372,69.13648938598126,0.31485186497208867,2024-03-04/2024-03-10
LSTM,84.38927028900001,15.304636971568629,-2.402706314499991,100.65168664198194,-1.6789602772071004,73.2914575772549,101.31965623902761,0.41948859454592835,2024-03-04/2024-03-10
GRU,21.62781876000001,-76.83547180392158,-69.772599286,61.424694093655596,-1.5156026624531007,77.47639565017647,98.18193644425206,0.8835287811622635,2024-03-04/2024-03-10
ANN,31.765700458770013,-66.89637209924508,-58.273675735,55.637600129188364,-0.967743835568269,67.73793850638235,86.83500844602855,0.7024883515028916,2024-03-04/2024-03-10
BiLSTM,84.77370089306,14.927744222490196,2.417984480000002,55.303852230614865,0.15151336036047813,43.64842708550981,57.0207696145532,0.2521984059333223,2024-03-04/2024-03-10
Autoencoder with LSTM/GRU,40.63105691581001,-58.20484616097059,-44.79370685,55.336840912279165,-0.6753688111155145,60.62703210167648,80.12458326787164,0.5885342110545316,2024-03-04/2024-03-10
CNN+Transformer,67.01408595271002,-32.33913141891177,-47.81899097,107.96555604580742,-2.285027936798859,92.70261635438237,112.19670539075831,0.5919328171871898,2024-03-04/2024-03-10
"Meta-learning + LSTM En-
semble",71.48178441070999,-27.95903489146078,-32.240439159999994,99.66702287776829,-1.7708617567113558,81.34317473608824,103.04288269945505,0.5360608284884197,2024-03-04/2024-03-10
MLPNN,47.10644100631,-51.85643038597058,-45.538388229999995,77.33624300255926,-1.2472427114465998,71.19746253789215,92.79734712650242,0.5823717649495008,2024-03-04/2024-03-10
"Physical PV model + XG-
Boost + Dempster–Shafer
Theory",18.036194119469997,-80.35667243189215,-70.77182067199999,62.208534381188166,-1.685088626964491,80.48788451085295,101.4354787091184,0.9637050274728923,2024-03-04/2024-03-10
Spiking NN,26.32588176629008,72.22952768010784,81.81437944000001,62.20853438118815,-1.3614710427106917,82.5657779134412,95.12657991073291,0.36893370639086687,2024-03-04/2024-03-10
Clausen et al. Unreal Digital Twin,0.0,98.20945684304904,85.18740939999998,82.26089754943878,-3.265598911821626,100.7291588752059,127.84995487193333,0.4049063118476988,2024-03-04/2024-03-10
Model 1 - Kasten Model,98.94203511325,6.223322863235293,4.838130749999998,13.797138451473343,0.5744351317888386,9.817047110294117,14.761201485466453,0.21707532566005777,2024-03-11/2024-03-17
Model  2 - Balint et al. Model,98.93777783761,6.248365661117647,4.559967800000001,14.138199877925748,0.5563113483858453,9.889017525117644,15.072246370313836,0.2223981515810968,2024-03-11/2024-03-17
Model 3  - Real World GHI,98.37818285094,9.54010087682353,7.905203,13.499876151019489,0.4872360502584676,11.42971879152941,16.203079623885067,0.22179485601596527,2024-03-11/2024-03-17
Model 4 - Karamov Naumov,99.57451055345,2.5028790973529405,-0.13586518100000022,14.033168412922768,0.6257681228110603,10.436054215705884,13.842330464022902,0.2146188064991709,2024-03-11/2024-03-17
Model 5 - HDKR,98.42711305863,9.252276125705881,3.224755869999999,19.92337157828603,0.10314889521534465,15.918970947117646,21.42885656188939,0.30251451744618435,2024-03-11/2024-03-17
LSTM,92.57941250852001,43.650514655764695,44.988667162,24.368784843138286,-3.8129489417281492,43.650514655764695,49.641449178271706,0.4496616116427001,2024-03-11/2024-03-17
GRU,98.58186361097,-8.341978759,1.6171352100000007,21.863149714596478,-0.014568830416074263,15.421900784058824,22.79185020823824,0.48489988527063976,2024-03-11/2024-03-17
ANN,98.95934184886,-6.121518536117648,5.023862725999999,24.919255140359805,-0.21465557295714377,18.739545753882354,24.93821688540811,0.49149019781526154,2024-03-11/2024-03-17
BiLSTM,95.92801952008,23.952826352470588,7.21197205,39.97703151944052,-3.0583097050302417,32.24753438270589,45.58389351793074,0.5075717912877147,2024-03-11/2024-03-17
Autoencoder with LSTM/GRU,99.16183936614,-4.930356669764706,-6.4560767299999995,12.003396130616387,0.6876724187995653,9.87437189682353,12.645732565118628,0.21049853550706712,2024-03-11/2024-03-17
CNN+Transformer,97.42564160874,-15.14328465447059,-9.72001536,22.033983617737753,-0.34032176460692765,19.55264838682353,26.19650530938103,0.5640437033848741,2024-03-11/2024-03-17
"Meta-learning + LSTM En-
semble",97.27328236654,16.039515490941177,0.8815551819999998,72.9353105437826,-9.280892856329483,45.435408649529414,72.55281052569609,0.6907141951055554,2024-03-11/2024-03-17
MLPNN,98.14168026034,10.931292586235296,-6.853054008,66.33467978241262,-7.322005676716687,45.02268139058824,65.27589391492063,0.6386345424589007,2024-03-11/2024-03-17
"Physical PV model + XG-
Boost + Dempster–Shafer
Theory",96.52099699242,-20.464723574,-11.704635382,23.324014001195543,-0.8179638632656896,20.768932838,30.509244069116253,0.8946469206207648,2024-03-11/2024-03-17
Spiking NN,77.53934898854,132.12147653800002,140.88156473,23.324014001195543,-34.09331168912056,132.12147653800002,134.045117871894,0.7180160394668561,2024-03-11/2024-03-17
Clausen et al. Unreal Digital Twin,91.22736936635,51.603709609705874,28.716322759999997,45.33099058454925,-7.978288653697909,52.09713651982353,67.80092299008759,0.5727328871599803,2024-03-11/2024-03-17
Model 1 - Kasten Model,90.25250533475,10.711532599175825,-0.864214993,89.39865788846562,-0.2076462537840087,54.13567326627473,89.5490450424913,0.32877508890288254,2024-04-01/2024-04-07
Model  2 - Balint et al. Model,88.06917463979002,13.110797099131869,-0.864214993,90.86792295208951,-0.2557026629161452,56.15784138917582,91.31339652318923,0.3328247699619842,2024-04-01/2024-04-07
Model 3  - Real World GHI,98.84838669490001,1.265509126483515,-0.864214993,62.27199072276634,0.42218906894033714,44.16901312523077,61.94182065460369,0.2636995559653882,2024-04-01/2024-04-07
Model 4 - Karamov Naumov,99.01521046554001,1.0821863016043964,-3.4494936399999965,72.4956742094533,0.2170374970321879,48.077007395758244,72.10436748076451,0.28438399498762,2024-04-01/2024-04-07
Model 5 - HDKR,91.09982437210999,-9.780412777901098,-13.691069621999999,82.15357640239506,-0.01965054678750011,57.732171642824184,82.28426001175241,0.34914976663471275,2024-04-01/2024-04-07
LSTM,45.43962810720999,59.95645262943956,67.65273821999999,93.33714747986653,-0.8389259877111139,93.20858379862635,110.5027827333226,0.3833772329913502,2024-04-01/2024-04-07
GRU,30.175010308029997,-76.73075790326374,-48.661282983999996,83.65478574349089,-0.9289780251478477,78.02213757212088,113.1761014247065,0.895106932188936,2024-04-01/2024-04-07
ANN,36.89009381197999,-69.35154526156045,-36.06230293,76.49046948728233,-0.5957515550694394,70.04986942153846,102.93752637314357,0.757828142043769,2024-04-01/2024-04-07
BiLSTM,99.73558639186,-0.290564404549449,-3.797736917,63.1881226188366,0.4052983717274703,45.93393522683517,62.840647806784155,0.2741946848142388,2024-04-01/2024-04-07
Autoencoder with LSTM/GRU,52.36406879569,-52.347177147593406,-24.031993479999997,70.68448138623471,-0.1568326995396363,56.43787094867032,87.64484305146472,0.5608453006247135,2024-04-01/2024-04-07
CNN+Transformer,86.1263833993,-15.245732528241758,-16.50741495,113.28394685236405,-0.9464217791491234,87.62465550153847,113.68667565184141,0.5113126780230665,2024-04-01/2024-04-07
"Meta-learning + LSTM En-
semble",54.636731126389996,-49.84974601495604,-31.17704387,100.3347982293317,-0.8736502759517788,82.00982357005493,111.5412110008912,0.6185723013806022,2024-04-01/2024-04-07
MLPNN,52.01397934478999,-52.7318908299011,-32.722926709999996,89.15228908226764,-0.6025746058734505,74.89751285451649,103.15735971836995,0.585357916833305,2024-04-01/2024-04-07
"Physical PV model + XG-
Boost + Dempster–Shafer
Theory",25.877176429469998,-81.45365227530769,-53.508030002,81.93897577996322,-0.9991689863499558,81.66537917326373,115.21680887682435,0.9693710055534773,2024-04-01/2024-04-07
Spiking NN,35.269381468610064,71.13254783669231,99.07817011,81.93897577996322,-0.7619992606738688,98.15823883669229,108.16679222622464,0.39848733502947375,2024-04-01/2024-04-07
Clausen et al. Unreal Digital Twin,31.473097533220013,75.30428842503298,68.2501537,66.15650076092676,-0.5058732531197803,76.77675543026373,99.99661511782253,0.32055002627443036,2024-04-01/2024-04-07
Model 1 - Kasten Model,79.5484056143,-34.08599064283334,-18.290933375,56.094761084303784,-0.07765052033621855,45.93633045036667,65.23828075235704,0.42135715797893475,2024-04-08/2024-04-14
Model  2 - Balint et al. Model,79.60229205456,-33.99617990906667,-18.57762219,56.60496952516629,-0.09041903585135769,46.2939099094,65.62362974141922,0.4223036740344531,2024-04-08/2024-04-14
Model 3  - Real World GHI,82.42121164385,-29.29798059358333,-5.489583394,53.7514767797473,0.06328208480794928,40.41888176108333,60.823015670596575,0.3890337001372598,2024-04-08/2024-04-14
Model 4 - Karamov Naumov,82.86680654082,-28.555322431966665,-8.256617721000001,47.50706652492651,0.2315944819615673,37.403430631333336,55.088224266479806,0.3500879600669127,2024-04-08/2024-04-14
Model 5 - HDKR,81.95080628886001,-30.081989518566665,-12.830318750000004,54.33293915498161,0.03584626978635286,43.258942710733336,61.707319117430785,0.39885730966608224,2024-04-08/2024-04-14
LSTM,85.6573445889,-23.904425685166665,-18.808046265,66.33161175351613,-0.2401930881665757,53.76983219176666,69.98551926310567,0.45909020918558235,2024-04-08/2024-04-14
GRU,65.00756821368,-58.32071964386668,-28.87294576,64.07641189706322,-0.883509519003401,59.63593221846667,86.2476847535857,0.8295045222886502,2024-04-08/2024-04-14
ANN,69.3743904878,-51.04268252033334,-25.58288957,59.600868807352924,-0.5441513848456698,52.88455863346667,78.0923466720842,0.694674644524694,2024-04-08/2024-04-14
BiLSTM,96.34383573216,6.093607113066664,0.6716940904999997,43.388147141320374,0.5218753614989079,34.029720009133335,43.45443404455603,0.23226034581068575,2024-04-08/2024-04-14
Autoencoder with LSTM/GRU,71.06390220264001,-48.22682966226667,-34.55157153,51.579251662495366,-0.25131717903399386,52.17038239549999,70.29869117773056,0.5823026701197305,2024-04-08/2024-04-14
CNN+Transformer,79.43658804293999,-34.27235326176667,-25.887062258,83.3462709713193,-1.027015003738596,68.26644733496667,89.47300375817372,0.5715138331170575,2024-04-08/2024-04-14
"Meta-learning + LSTM En-
semble",75.89503707681,-40.174938205316685,-25.021177245,78.55988941370596,-0.9453315929761561,65.02034301211667,87.65170247871112,0.5746859273229885,2024-04-08/2024-04-14
MLPNN,83.27585560101,-27.873573998316665,-33.143011574999996,93.50672831448755,-1.3737293395977557,79.62702661798333,96.82313375523623,0.6080711619502487,2024-04-08/2024-04-14
"Physical PV model + XG-
Boost + Dempster–Shafer
Theory",60.50818765581,-65.81968724031667,-40.161848957000004,63.374297070409646,-1.0969442519083925,66.05928135365001,91.00326586866079,0.9611627246964768,2024-04-08/2024-04-14
Spiking NN,47.94009227699004,86.76651287168332,112.42435115500001,63.37429707040965,-1.9062384063420041,94.77722025501666,107.13445256434107,0.4332750761195671,2024-04-08/2024-04-14
Clausen et al. Unreal Digital Twin,62.271550977059995,62.88074837156667,53.0395434675,52.37297883594376,-0.6841201123221778,64.75883410916667,81.55490142259585,0.31767459548016536,2024-04-08/2024-04-14
Model 1 - Kasten Model,97.35986416729999,-4.474806496101696,-0.543847242,44.816125145617015,0.498561349227321,33.043678848745756,44.65945416552533,0.25232930860762737,2024-04-29/2024-05-05
Model  2 - Balint et al. Model,98.93511994593999,-1.8048814475593222,-0.089816124,44.511410387940806,0.5095040232607828,32.71886175396611,44.16947450394393,0.2468388773083158,2024-04-29/2024-05-05
Model 3  - Real World GHI,96.73256638292001,5.53802307979661,0.6376011300000073,37.52690421204699,0.6442305208810171,28.075926346813564,37.617406623421424,0.20419063940817794,2024-04-29/2024-05-05
Model 4 - Karamov Naumov,94.01923768759998,-10.136885275254237,-3.7638551999999947,48.0336425507173,0.4039250643622715,34.439860891016956,48.69170003923874,0.2776966171680942,2024-04-29/2024-05-05
Model 5 - HDKR,97.69391945008002,3.9086111015593232,-2.771570014,52.86092007169008,0.30554344503664455,35.81324397637289,52.55657415242733,0.270676425103157,2024-04-29/2024-05-05
LSTM,37.36705846856001,106.15752801938983,122.41899688999999,64.64721338626363,-2.86621987104517,108.63251183732204,124.00745139417165,0.42945809652828376,2024-04-29/2024-05-05
GRU,65.18104653435998,-59.01517536549154,-49.75024809000001,65.48572061582512,-0.9355139966425412,60.12003505657628,87.74101736312439,0.8615608464198259,2024-04-29/2024-05-05
ANN,67.37133151866999,-55.30282793445764,-41.481925042,61.95253901772138,-0.7175324923046456,56.201734201813565,82.65268922572355,0.7875550226324305,2024-04-29/2024-05-05
BiLSTM,98.57513041801002,2.4150331898135593,-0.543847242,60.66499649366756,0.08894858758196778,43.22430700747458,60.19715280003495,0.32725257484265835,2024-04-29/2024-05-05
Autoencoder with LSTM/GRU,71.68274955944,-47.99533972976271,-22.132476950000004,63.57049435158978,-0.5779465225705471,50.55894281162712,79.22288394924152,0.6735045759365539,2024-04-29/2024-05-05
CNN+Transformer,83.53246936647,-27.91106887038983,-18.700451459999996,87.83795354205911,-1.1027743932276324,70.96011367137288,91.45360877740916,0.5573144668298419,2024-04-29/2024-05-05
"Meta-learning + LSTM En-
semble",82.50724896323999,-29.648730570779662,-19.93134352,91.20413046641345,-1.276877126492145,70.51468040037288,95.16435419599148,0.5873979117547196,2024-04-29/2024-05-05
MLPNN,83.73531191413998,-27.567267942135594,-23.96935729,85.99262101636661,-1.0186982770446105,67.37832707779661,89.60664433815717,0.5635300613077324,2024-04-29/2024-05-05
"Physical PV model + XG-
Boost + Dempster–Shafer
Theory",62.16073612885999,-64.13434554430508,-50.976205392000004,63.6086995443118,-1.0341232905723312,64.47330158759321,89.94833814549648,0.9609438412090625,2024-04-29/2024-05-05
Spiking NN,47.81340580506005,88.45185456769492,101.60999472,63.6086995443118,-1.9670023151430418,100.45874144566102,108.63341950433532,0.4412578168977067,2024-04-29/2024-05-05
Clausen et al. Unreal Digital Twin,60.10558295589001,67.6176560069661,59.81361390000001,70.59019481362864,-1.3810663417957163,69.53211345740678,97.31734580267937,0.3763260678660731,2024-04-29/2024-05-05
Model 1 - Kasten Model,91.92688285813,-9.070918136932585,-0.7405879630000001,68.1254982179625,0.2089932490691515,47.06090480798876,68.34630975839815,0.3300519922187477,2024-05-06/2024-05-12
Model  2 - Balint et al. Model,91.61422723950001,-9.42221658483146,-0.694483734,68.05717381800574,0.20945104021566985,46.97641661469664,68.3265293559113,0.3302803648488065,2024-05-06/2024-05-12
Model 3  - Real World GHI,98.34297352667001,-1.861827498123595,-0.7350330770000001,67.8082795036663,0.22955937721961095,46.650412598730334,67.45195822105428,0.32384506677332503,2024-05-06/2024-05-12
Model 4 - Karamov Naumov,96.95307155153,3.423515110640449,4.762264194999999,83.03870267603715,-0.1565109850606532,56.518681456505625,82.64181689439083,0.3663273408547686,2024-05-06/2024-05-12
Model 5 - HDKR,95.83838224766,4.675975002629215,0.5880153299999975,89.94577722678454,-0.3582812879080892,58.27790011874158,89.56118566768359,0.39591710276756104,2024-05-06/2024-05-12
LSTM,90.79087591529,-10.347330432258428,-2.902404526,64.96391291976732,0.2752477742776088,47.56267324230337,65.42138805958089,0.3474560028568179,2024-05-06/2024-05-12
GRU,43.30314418398,-63.70433237755056,-19.284964839999997,77.84071940485855,-0.701717801511534,66.30487969391011,100.24639102717273,0.862382232476705,2024-05-06/2024-05-12
ANN,52.113534509809995,-53.80501740470787,-15.519225239999997,72.24166424379578,-0.36403755649135117,58.675322531,89.75076097788458,0.6994037038963252,2024-05-06/2024-05-12
BiLSTM,84.83308043369999,17.041482658764046,8.94409139999999,60.30503176076564,0.34191730027826495,45.99951899766292,62.33977241258331,0.28219682877380237,2024-05-06/2024-05-12
Autoencoder with LSTM/GRU,55.59887373269999,-49.888905918314606,-26.37013852,67.50211301697347,-0.18437887397979802,57.6341695811236,83.63157998070892,0.6169335300001965,2024-05-06/2024-05-12
CNN+Transformer,76.49436138478,-26.410829904741572,-11.23787737,97.72525062089754,-0.7171463252810375,75.30588192020224,100.69980462092373,0.556360636699162,2024-05-06/2024-05-12
"Meta-learning + LSTM En-
semble",67.54064185730999,-36.471188924370786,-18.70882085,103.75966101955751,-1.027844078298441,82.09353659297753,109.43147549330969,0.6159445494030533,2024-05-06/2024-05-12
MLPNN,68.21159177131,-35.717312616505616,-15.376709849999997,92.63561676077407,-0.6528346897435364,72.97014850774157,98.79607363699117,0.5718109965207311,2024-05-06/2024-05-12
"Physical PV model + XG-
Boost + Dempster–Shafer
Theory",37.441658101230004,-70.29027179637079,-30.312839062000002,77.28205160674779,-0.8366436019202828,70.53130941616854,104.14475932095291,0.9668181499299303,2024-05-06/2024-05-12
Spiking NN,26.756623799090036,82.29592831562921,122.27336105,77.28205160674776,-1.1468503355974526,100.45062448866292,112.59675129479852,0.43255654392755344,2024-05-06/2024-05-12
Clausen et al. Unreal Digital Twin,20.35299063608001,89.49102175721347,75.8394151,78.68635643996566,-1.392826434719483,90.73868146056179,118.8722750247357,0.3934205142412976,2024-05-06/2024-05-12
Model 1 - Kasten Model,98.22035450533,-10.468502909823531,-17.262995370000002,21.657800805600978,0.22588749847273026,19.416818589117646,23.474626822445313,0.32671420040168436,2024-05-27/2024-06-02
Model  2 - Balint et al. Model,99.55185417715,-2.636151899117646,-5.046832284,23.60871100641898,0.25331448259805667,17.710288813235294,23.055020905692363,0.2746197369308037,2024-05-27/2024-06-02
Model 3  - Real World GHI,99.80914548677,1.122673607235294,-3.177510608,27.339022373025617,0.010032022156420184,23.011323511235293,26.54649754397348,0.30987083438033347,2024-05-27/2024-06-02
Model 4 - Karamov Naumov,96.53643031225,-20.37393933970588,-13.867283340000004,21.939278469473987,-0.21950700129544565,21.83293790347059,29.46380322469894,0.49170319840839755,2024-05-27/2024-06-02
Model 5 - HDKR,97.02083202905,-17.52451747617647,-7.827077284,21.952953325542193,-0.06860079147108777,21.188694534999996,27.580643972084303,0.4153870384327804,2024-05-27/2024-06-02
LSTM,80.71568923765,113.43712213147057,112.40076836,44.275926075369604,-19.668483170203157,113.43712213147057,121.29725121619941,0.613997318250857,2024-05-27/2024-06-02
GRU,96.79845013439,-18.832646268294116,-14.613406730000001,24.1937897548164,-0.2721306980755338,21.46847972347059,30.092794736729523,0.5194115057833469,2024-05-27/2024-06-02
ANN,96.7144965423,-19.326490927647058,-17.172622384,24.516939306569476,-0.3194148593005173,21.507724425529414,30.6469557879748,0.5299691680062937,2024-05-27/2024-06-02
BiLSTM,99.58970264583,2.4135138480588223,4.516038993,30.98164454463612,-0.2772561093806647,24.107263994058822,30.153355694295563,0.35344143954264096,2024-05-27/2024-06-02
Autoencoder with LSTM/GRU,96.03397890865,-23.32953583147059,-19.88424443,22.084943777271054,-0.4094401536447436,24.75804969982353,31.675244538937534,0.5532271075491313,2024-05-27/2024-06-02
CNN+Transformer,96.0711475341,-23.110896858235293,-25.73184413,37.28512892817277,-1.588324205450928,33.97012175847059,42.924573955959815,0.6368697195735491,2024-05-27/2024-06-02
"Meta-learning + LSTM En-
semble",98.61428808665,-8.151246549117648,-7.766459572,45.85713761821417,-1.8736370306372514,29.80160088570588,45.22854452259485,0.5218480842997624,2024-05-27/2024-06-02
MLPNN,98.64044098675,-7.997405960294117,-6.527735762,31.606623657537263,-0.4106378561398185,25.405232112294115,31.68870004578625,0.3711105927107262,2024-05-27/2024-06-02
"Physical PV model + XG-
Boost + Dempster–Shafer
Theory",94.70644253711001,-31.138573311117646,-25.857393512,27.501800400564182,-1.3620846793865553,31.363520941705882,41.00571489427596,0.9159103405241831,2024-05-27/2024-06-02
Spiking NN,79.35390344385,121.44762680088236,126.7288066,27.501800400564186,-20.71976152596182,121.44762680088236,124.34381352405592,0.6300462419789943,2024-05-27/2024-06-02
Clausen et al. Unreal Digital Twin,93.20470538306,39.97232127611764,32.947607437,45.98125269564946,-4.039900356256397,46.21145986423529,59.89735315314741,0.46257684569085733,2024-05-27/2024-06-02
Model 1 - Kasten Model,72.78789986872002,26.419514690563112,12.07162312,106.40478560009662,-0.8880290336045322,76.3097880925631,109.13316193858142,0.37282480229909415,2024-06-03/2024-06-09
Model  2 - Balint et al. Model,72.57274463342003,26.62840326852427,12.15730889,106.10598956699313,-0.8798175199987286,76.11930321786407,108.89557953209952,0.3718239853678721,2024-06-03/2024-06-09
Model 3  - Real World GHI,83.62676102073003,15.896348523563104,8.609768255,71.53485924236945,0.15661266402147023,55.02573173092232,72.94003070641394,0.28327128291618725,2024-06-03/2024-06-09
Model 4 - Karamov Naumov,75.29121039857002,23.989116117893207,7.520277697999999,105.13716140260354,-0.8265113456627609,81.69387454066991,107.34049437583602,0.37756266221108004,2024-06-03/2024-06-09
Model 5 - HDKR,71.88385047059,27.297232552825243,6.182490124,98.52416943595021,-0.6419776544664595,75.6370627833495,101.77380818999647,0.3642346433894062,2024-06-03/2024-06-09
LSTM,75.01089878890004,24.26126331174757,12.730308710000003,84.85285677924348,-0.2236017720440806,67.14190540434952,87.8562076210365,0.3219216681347154,2024-06-03/2024-06-09
GRU,12.540722900679981,-84.91191951390292,-66.86765285999999,79.96901266171749,-1.1468896689329777,86.28080134807767,116.37434968945692,0.9047537921488216,2024-06-03/2024-06-09
ANN,22.393383382429988,-75.34622972579614,-62.172646676,73.7701872065296,-0.7542684077132789,78.21511469247574,105.19629037908028,0.7484988428198104,2024-06-03/2024-06-09
BiLSTM,96.64173402877003,3.260452399252429,-3.679632249,55.92131311279456,0.5073923888667946,39.342660399116504,55.74462046236241,0.23132018447949754,2024-06-03/2024-06-09
Autoencoder with LSTM/GRU,36.615658649339984,-61.538195486077676,-42.405109059999994,64.13150984680924,-0.2459784347061984,64.9578206927767,88.6559048851188,0.5639820018107599,2024-06-03/2024-06-09
CNN+Transformer,72.42070907969998,-26.77601060223301,-33.552865860000004,121.73238984077378,-1.4399798317541728,102.6540234240971,124.06392658921854,0.5664509731276298,2024-06-03/2024-06-09
"Meta-learning + LSTM En-
semble",61.56426029061997,-37.316252145029125,-35.99409004,114.61337133668059,-1.2829353571149507,93.8354191553592,120.00496406123709,0.566985988296895,2024-06-03/2024-06-09
MLPNN,39.26623078143997,-58.96482448403883,-47.76253067,94.40531764781174,-0.9502718715127416,85.70791826366994,110.91747707548484,0.6148035097649578,2024-06-03/2024-06-09
"Physical PV model + XG-
Boost + Dempster–Shafer
Theory",8.870802644379978,-88.47494888895146,-69.215950802,79.81250292536951,-1.2408972803717906,88.72972655718446,118.89494185230963,0.9696749100963018,2024-06-03/2024-06-09
Spiking NN,33.96541124026011,64.11125122304854,83.37024931,79.81250292536953,-0.65157392711039,88.10124891236894,102.07077520302448,0.37089752326168474,2024-06-03/2024-06-09
Clausen et al. Unreal Digital Twin,8.86922249768,88.47648301196116,72.59183529999999,79.39642381086058,-1.2305410772870689,91.30672062370874,118.61988996342741,0.35724071269073104,2024-06-03/2024-06-09
Model 1 - Kasten Model,98.81805193135,3.812735705322581,-0.048090523,35.130123910868825,-3.2058038228748016,26.201160286870966,34.768549813481,0.5280477375044297,2024-06-10/2024-06-16
Model  2 - Balint et al. Model,98.79957259707,3.872346461064515,-0.048090523,35.418618661441215,-3.275924819316259,26.463665824870965,35.057189919720464,0.5307270540545914,2024-06-10/2024-06-16
Model 3  - Real World GHI,98.4607535264,4.965311205161291,-0.011315417,31.782101469450797,-2.4867296610191505,24.020496976967742,31.65710590909078,0.4896973543298536,2024-06-10/2024-06-16
Model 4 - Karamov Naumov,98.54090650881,4.706753197387093,-0.048090523,34.808770002595544,-3.1566307400488833,24.107553880419356,34.56470013976238,0.5251890561570208,2024-06-10/2024-06-16
Model 5 - HDKR,96.35513533003,11.757627967645158,-0.011315417,44.03073591419651,-6.008473419627446,32.40187041635484,44.88216379428345,0.5847943234803873,2024-06-10/2024-06-16
LSTM,92.41343305434,24.472796598903226,16.770352689999996,35.07893769523414,-5.2268651184950965,32.45564059490322,42.3054968857642,0.4814727415932144,2024-06-10/2024-06-16
GRU,97.47938990892,-8.131000293806453,-1.6211900900000025,14.482170282836456,0.06382158988206299,11.389771605290324,16.403683518419445,0.4104847831154843,2024-06-10/2024-06-16
ANN,98.72755437668,-4.104663301032258,1.7020056490000002,14.9490823658287,0.188954805683046,10.534459434580647,15.268086041690074,0.3356697646579459,2024-06-10/2024-06-16
BiLSTM,88.73469658721,36.33968842835485,30.106478393,43.59124788414481,-9.992349545854749,42.91172529235483,56.20919118105378,0.5690027651691933,2024-06-10/2024-06-16
Autoencoder with LSTM/GRU,98.08947597614,-6.162980722129032,-5.262988872,17.440724212522415,-0.15629912374262434,14.053650805354838,18.230440782223887,0.37243728648658664,2024-06-10/2024-06-16
CNN+Transformer,98.11139979095,-6.092258738870968,-9.395579695,29.546459620214286,-2.068447864057593,23.53021660912903,29.697606287512098,0.5437138962004681,2024-06-10/2024-06-16
"Meta-learning + LSTM En-
semble",90.94200125109,29.219350802935487,-1.448799223,70.25799844728355,-18.590258846395443,45.736616746225806,75.03815689072097,0.6570397473390801,2024-06-10/2024-06-16
MLPNN,95.14639877604999,15.656778141774192,-6.102700401,64.97739758401285,-14.068297163723772,39.687102421000006,65.81034374501039,0.6775479671246903,2024-06-10/2024-06-16
"Physical PV model + XG-
Boost + Dempster–Shafer
Theory",94.36647816623,-18.172651076677425,-13.544097901999999,17.23384928536114,-1.1489799069482434,18.78269021809678,24.852967303536897,0.8697403417414479,2024-06-10/2024-06-16
Spiking NN,58.331799799049996,134.41354903532257,139.04210221,17.233849285361142,-62.85820203134041,134.41354903532257,135.47851084547347,0.7478333822660709,2024-06-10/2024-06-16
Clausen et al. Unreal Digital Twin,80.10035491495,64.19240350016128,54.06295243,59.08887459014999,-25.09215539701822,65.96675885087096,86.59983194702968,0.654547274541831,2024-06-10/2024-06-16
Model 1 - Kasten Model,87.90551290978,13.004824828193549,8.345353093,67.35129810917502,0.17126109794549327,49.077368793784956,68.23889294336766,0.27303361016891364,2024-07-01/2024-07-07
Model  2 - Balint et al. Model,85.71421847153002,15.36105540695699,10.794010799999995,68.06626046411249,0.14232022771016783,50.52151296383872,69.42017331038981,0.27580775174214567,2024-07-01/2024-07-07
Model 3  - Real World GHI,86.92257133798,14.061751249483873,8.594015999999982,55.512052163092356,0.4222670936961682,41.30205806421505,56.97530543504453,0.2382136661511365,2024-07-01/2024-07-07
Model 4 - Karamov Naumov,91.41400979695001,9.232247530161292,-0.606082037,74.45676164134852,0.008792096745133593,53.33194846478494,74.62863321343012,0.29488384658292593,2024-07-01/2024-07-07
Model 5 - HDKR,82.44311026478,18.878376059376347,6.181684300000001,73.20397442370786,-0.006898047261331586,52.95577035931185,75.21697423795463,0.29686460944088444,2024-07-01/2024-07-07
LSTM,46.71784711361,57.29263751224732,49.28584910000001,86.33659529852288,-0.8965327940641694,83.46244563508603,103.22937266375499,0.3628859257193973,2024-07-01/2024-07-07
GRU,27.40558084594001,-78.05851521941936,-67.43281471,76.9283367098029,-1.1263248254305127,78.66429312539786,109.30446794183335,0.8900111174403531,2024-07-01/2024-07-07
ANN,34.38718811476001,-70.55141062929032,-43.398596673,70.25227620714429,-0.7547795191010669,71.15674612423655,99.29660229360226,0.7504977449396293,2024-07-01/2024-07-07
BiLSTM,98.4087035636,-1.7110714369892486,-4.854152759999998,52.34519414079083,0.5170733944724943,39.076577430430106,52.09111768284063,0.23089455079289886,2024-07-01/2024-07-07
Autoencoder with LSTM/GRU,41.134638620690005,-63.296087504634414,-34.8143343,68.60217061568444,-0.5416093855310733,64.24421444923657,93.07012186440615,0.6567406572298284,2024-07-01/2024-07-07
CNN+Transformer,63.045129384330004,-39.73642001684946,-38.407873499999994,91.47181821747952,-0.7541197076974264,79.00045999768818,99.27793237247674,0.526589228970923,2024-07-01/2024-07-07
"Meta-learning + LSTM En-
semble",70.49123746678998,-31.729852186247314,-25.281434009999998,106.76574477029334,-1.1860653289472163,84.38535416803226,110.82932237495272,0.5372598205897487,2024-07-01/2024-07-07
MLPNN,60.799034014890005,-42.151576328075265,-40.2888557,96.62867214210155,-0.9600963988991247,84.42719161835484,104.94501769567698,0.5599179368461871,2024-07-01/2024-07-07
"Physical PV model + XG-
Boost + Dempster–Shafer
Theory",23.060530679929997,-82.73061217211827,-65.305766922,75.365167780265,-1.2181092929395239,82.9579375882043,111.63865110175003,0.9678171807235287,2024-07-01/2024-07-07
Spiking NN,35.03430321591007,69.8555879398817,87.28043319,75.36516778026501,-0.8684725277806775,88.72175696353762,102.46285861653179,0.3824137515791343,2024-07-01/2024-07-07
Clausen et al. Unreal Digital Twin,31.326467480199994,73.84250808580644,66.54332907099999,61.224214116846305,-0.6303764441078983,75.09426899926882,95.71214641326361,0.31011344799545887,2024-07-01/2024-07-07
Model 1 - Kasten Model,92.00643876035,-14.023791648508773,-6.028105780000001,37.45694110498739,0.3437991720391076,30.612170418087718,39.6872112956427,0.32231610831811314,2024-07-08/2024-07-14
Model  2 - Balint et al. Model,91.56915674302999,-14.790953082403508,-6.148199940000001,37.70506686591209,0.32695623148130026,30.874109542368423,40.193317171289436,0.33005202000423495,2024-07-08/2024-07-14
Model 3  - Real World GHI,99.51667784733,-0.8479336011754385,-2.382637859000001,44.92708371968103,0.173538417122308,33.259735032684205,44.539314822410205,0.3027247528156481,2024-07-08/2024-07-14
Model 4 - Karamov Naumov,96.66884656174001,5.84412883905263,-1.6941150499999935,51.441893534007015,-0.09736422892217367,34.380596866947364,51.32247549238271,0.31304618309795895,2024-07-08/2024-07-14
Model 5 - HDKR,90.7979693792,16.14391336982456,-0.51641944,70.21944206308709,-1.1267777176550204,46.857139481157894,71.44852164275846,0.38715891181044154,2024-07-08/2024-07-14
LSTM,97.32815764033,-4.687442736263159,-0.635077793,61.36713645203906,-0.5505721755236312,48.00169736398246,61.00679214993205,0.4638829669307852,2024-07-08/2024-07-14
GRU,77.15146727195,-40.085145136929825,-28.928209379,49.68520467208493,-0.679848278293486,44.250997163877194,63.49904966855774,0.7753692762600993,2024-07-08/2024-07-14
ANN,81.20451178899,-32.97454072107018,-12.803411045999997,45.821136015382706,-0.31236527917253154,37.973445731000005,56.12541461732301,0.623062519968488,2024-07-08/2024-07-14
BiLSTM,85.78559385371,24.937554642614035,23.386727699999994,44.25276826959736,-0.060633877968566674,40.36900356433333,50.4562469784921,0.3059259643666041,2024-07-08/2024-07-14
Autoencoder with LSTM/GRU,84.25354408339,-27.62536125721052,-16.60470669,40.64919759875824,0.005734554507252909,35.22456776377193,48.852114857593364,0.4894663774313937,2024-07-08/2024-07-14
CNN+Transformer,93.23311203307,-11.871733275315789,-12.14358955,81.47747180126414,-1.7759311534997986,62.19677304994736,81.62750868531727,0.5787956233748522,2024-07-08/2024-07-14
"Meta-learning + LSTM En-
semble",95.42131866457,-8.03277427268421,-10.100264380999999,82.42781737967358,-1.8078528006488082,61.40207343910527,82.09550233744223,0.567657168537315,2024-07-08/2024-07-14
MLPNN,98.46138541347,-2.699323836017542,-8.861540570999999,75.61789173123829,-1.343477743022992,57.41102264492982,75.00023306348746,0.5116984852021025,2024-07-08/2024-07-14
"Physical PV model + XG-
Boost + Dempster–Shafer
Theory",72.62184439623,-48.0318519364386,-31.206049812000003,49.428292804740295,-0.9611568620529769,48.355238734578954,68.61014897080942,0.9497169956184857,2024-07-08/2024-07-14
Spiking NN,40.40402153993002,104.5543481755614,121.3801503,49.428292804740295,-4.554280809087953,105.67004502819299,115.46387081580636,0.5135632255989572,2024-07-08/2024-07-14
Clausen et al. Unreal Digital Twin,52.991446699360004,82.47114614147368,75.11482267999999,60.86686146982586,-3.3499962282226186,83.48128368519298,102.18252649798106,0.4361889645757406,2024-07-08/2024-07-14
Model 1 - Kasten Model,98.08728312916,-4.448178769395349,2.2213453200000046,48.52819604180251,0.3603398235899533,33.48243585116279,48.166430151618364,0.3020735944139792,2024-07-29/2024-08-04
Model  2 - Balint et al. Model,99.86510361936,0.31371251311627896,2.633605320000001,51.71048490034081,0.27986351653078556,36.99401498860465,51.10662595521974,0.313212098611429,2024-07-29/2024-08-04
Model 3  - Real World GHI,98.40439373574,3.7107122424651164,0.6631750989999998,41.921510386040794,0.5229269312989946,30.74164155209302,41.597023305247845,0.24412259048011972,2024-07-29/2024-08-04
Model 4 - Karamov Naumov,94.51344902504,-12.759420871999998,-4.6416214,50.01972145919809,0.2813240529059686,32.22706376525581,51.05477399868937,0.3303541009050615,2024-07-29/2024-08-04
Model 5 - HDKR,93.74896301298001,14.537295318651163,-6.120845593,66.63263155818383,-0.25394820150378616,45.45045873781395,67.43876391738337,0.32029742027812375,2024-07-29/2024-08-04
LSTM,44.12611908315999,129.93925794613952,123.207811975,70.69457309915353,-5.001131988109092,130.01402522353484,147.53205520415202,0.503162153385061,2024-07-29/2024-08-04
GRU,79.26249351655,-48.22675926383722,-20.07908341,60.587584348792824,-0.6298359965565616,50.00016248276744,76.88502426748238,0.8087123219995802,2024-07-29/2024-08-04
ANN,80.74256895306,-44.78472336497674,-16.618256969999997,56.538032707699614,-0.4138340501703295,46.52912065102326,71.609232904593,0.7302287834261233,2024-07-29/2024-08-04
BiLSTM,99.69152469274,-0.7173844354883722,3.2642814099999953,46.066465178583634,0.4283649862071509,32.868349058046505,45.53330917964208,0.294286071506081,2024-07-29/2024-08-04
Autoencoder with LSTM/GRU,81.32007620563999,-43.44168324269767,-17.648268459999997,62.78919484068949,-0.5820463774476237,47.62977308111628,75.74943683487007,0.7370566268282989,2024-07-29/2024-08-04
CNN+Transformer,85.09506361024,-34.66264276688372,-19.442883289999997,81.69668656005875,-1.1286934962108774,64.17465004869769,87.86711551708942,0.6739600370613562,2024-07-29/2024-08-04
"Meta-learning + LSTM En-
semble",91.93219458094,-18.762338183860464,-11.5654038,61.66777954770124,-0.12119518025424902,46.58129510302326,63.76911857592043,0.41056085571677936,2024-07-29/2024-08-04
MLPNN,93.66691106204,-14.7281138092093,-21.82264382,90.00818921768865,-1.2415588370708885,67.21226380660467,90.1664299370628,0.5569011924994204,2024-07-29/2024-08-04
"Physical PV model + XG-
Boost + Dempster–Shafer
Theory",76.20262206347999,-55.3427393872558,-28.022174282,60.93676372555599,-0.8444650857269997,55.746011432046515,81.79090667096897,0.9580538799267371,2024-07-29/2024-08-04
Spiking NN,58.185311888360005,97.24346072474418,124.56402582999999,60.93676372555599,-2.607241176015191,103.07043367358138,114.38192280643959,0.48068088199976683,2024-07-29/2024-08-04
Clausen et al. Unreal Digital Twin,72.99596749962001,62.80007558227907,55.74729300999999,56.56031105361049,-0.9488973576253033,64.63435806511629,84.07449869668162,0.36374345135535524,2024-07-29/2024-08-04
Model 1 - Kasten Model,97.06008729578998,2.9999109226632656,-0.7238549719999999,57.44889205701449,0.1404511517747623,41.835207713744886,57.23370830356652,0.2873721595339567,2024-08-05/2024-08-11
Model  2 - Balint et al. Model,97.16446934618999,2.8933986263367335,-0.5962902524999991,57.89815202788784,0.12715674464183935,42.260944049928575,57.674619046323336,0.2893141106100499,2024-08-05/2024-08-11
Model 3  - Real World GHI,88.45759056481,11.777968811418365,-0.1100522965,50.784235011306755,0.29376071168907447,39.242587546663266,51.87911290063223,0.25839317954903174,2024-08-05/2024-08-11
Model 4 - Karamov Naumov,83.81267040991,16.517683255193877,5.64882822,62.82498281638519,-0.0967179941889289,44.83181710884694,64.64933901850699,0.29960231680784327,2024-08-05/2024-08-11
Model 5 - HDKR,78.24850164758,22.195406482061227,3.6480156659999987,71.1214096808198,-0.4430198952875195,54.13416634567347,74.15710443254672,0.3366020177183402,2024-08-05/2024-08-11
LSTM,97.98646846596999,2.0546240143163286,-0.4080622345,52.76487757327886,0.2757856862713728,38.084602049193876,52.5351717599142,0.27540589568015333,2024-08-05/2024-08-11
GRU,40.42103655938,-60.79486065369388,-51.9771081415,62.97374171992323,-0.9998272659504199,61.51036231587756,87.29971925338468,0.8629132154725901,2024-08-05/2024-08-11
ANN,50.11708208153,-50.90093665149999,-36.628344725,56.67308837864854,-0.514050562167939,52.29503357058162,75.96032142885119,0.669946993891127,2024-08-05/2024-08-11
BiLSTM,73.45785576322999,27.083820649765308,15.443821099999997,53.42565236932004,0.06618861364101891,46.59744599186736,59.654908922012126,0.2793157277845699,2024-08-05/2024-08-11
Autoencoder with LSTM/GRU,55.993285551250004,-44.90481066198979,-29.975002515000003,46.376555559474355,-0.08772892389277986,45.096491342071424,64.38385000448125,0.5202611432800576,2024-08-05/2024-08-11
CNN+Transformer,85.84688024836,-14.441958930244892,-17.618648705,94.26307026207847,-1.362515600384361,74.36667714991836,94.88639499994866,0.5260265360876577,2024-08-05/2024-08-11
"Meta-learning + LSTM En-
semble",64.83963628215,-35.877922161071425,-27.695791874999998,76.71512433911565,-0.8663018729782617,62.49757956009183,84.33494195534378,0.5291555126526456,2024-08-05/2024-08-11
MLPNN,65.82561858355001,-34.871817771887756,-30.63700026,84.39904243360859,-1.169159170478105,68.58726414656122,90.92060460004063,0.5890955596959784,2024-08-05/2024-08-11
"Physical PV model + XG-
Boost + Dempster–Shafer
Theory",35.55513625219001,-65.7600650487857,-54.892046982,62.050284219892376,-1.1347266622918188,65.97457474782652,90.19609629280912,0.9607033711494662,2024-08-05/2024-08-11
Spiking NN,14.910387638050054,86.82613506321427,97.69415312999999,62.05028421989238,-1.97818876119868,96.91954029178571,106.53509919860542,0.43224073260853857,2024-08-05/2024-08-11
Clausen et al. Unreal Digital Twin,0.0,102.67848633687754,100.55660706,77.86019421844273,-3.340971074618577,103.40032656197958,128.62045761093466,0.43354039667782923,2024-08-05/2024-08-11
Model 1 - Kasten Model,98.22726306245,-22.159211719375,-19.025659781999998,20.901114394376105,-0.6849943083220713,22.321970871375,29.551314253092585,0.6362773340563458,2024-08-12/2024-08-18
Model  2 - Balint et al. Model,98.20705285628,-22.411839296500002,-19.40675741,21.180881066255495,-0.7265969846364078,22.62068214675,29.913902253837506,0.6497858890509002,2024-08-12/2024-08-18
Model 3  - Real World GHI,98.65124901657,-16.859387292875002,-14.243092845,22.300462709201753,-0.38805497441542447,20.029148281125,26.82136736456758,0.5105840148903374,2024-08-12/2024-08-18
Model 4 - Karamov Naumov,98.69548744541,-16.306406932374998,-10.008802065,17.45668624663911,-0.027541490926245915,16.306406932374998,23.076889195006473,0.42098064542198954,2024-08-12/2024-08-18
Model 5 - HDKR,98.32602612188,-20.9246734765,-18.53565496,22.218707879073044,-0.678287159698701,22.276172815,29.492440852475696,0.613555312577437,2024-08-12/2024-08-18
LSTM,93.78234645619,77.720669297625,79.36160165000001,13.93209566512304,-10.982857971221797,77.720669297625,78.80572831013087,0.5277906715513918,2024-08-12/2024-08-18
GRU,98.75375570656,-15.578053667999999,-10.913291065,20.965439579914413,-0.21034020385907093,19.1427116745,25.04559254169783,0.47792577965966276,2024-08-12/2024-08-18
ANN,98.6145697762,-17.3178777975,-13.7096699245,20.660069822108866,-0.2993111195748033,19.715156419750002,25.949808589501295,0.507407351421347,2024-08-12/2024-08-18
BiLSTM,99.78435543993,2.6955570008750005,8.7965181295,26.22708049035504,-0.17534216426232874,22.365142309874997,24.68082878899294,0.3262744375267402,2024-08-12/2024-08-18
Autoencoder with LSTM/GRU,99.78435543993,2.6955570008750005,8.7965181295,26.22708049035504,-0.17534216426232874,22.365142309874997,24.68082878899294,0.3262744375267402,2024-08-12/2024-08-18
CNN+Transformer,98.79018683501,-15.122664562375,-6.700695565,33.189233524944356,-1.30098606200291,25.942332018125,34.533021192660534,0.5916580626067053,2024-08-12/2024-08-18
"Meta-learning + LSTM En-
semble",98.71021530099,16.122308737625005,-7.131084658500001,78.58440937074575,-9.927723779940282,53.221506394375,75.25622605912173,0.5850583704798099,2024-08-12/2024-08-18
MLPNN,99.41943116659,7.257110417625004,-11.9966183635,61.19085452248076,-5.4232025878637975,46.826256781874996,57.69702110296579,0.5557678971826501,2024-08-12/2024-08-18
"Physical PV model + XG-
Boost + Dempster–Shafer
Theory",97.78190356845,-27.726205394375,-25.997775407,24.337364953361433,-1.4832887743156289,27.809240325875002,35.87494086176361,0.9043305204309077,2024-08-12/2024-08-18
Spiking NN,90.01120042259001,124.859994717625,126.588424705,24.337364953361433,-30.080944065233037,124.859994717625,126.91842733484098,0.660152018023629,2024-08-12/2024-08-18
Clausen et al. Unreal Digital Twin,98.01566544989,24.804181876374997,21.967587101500005,24.182605642711327,-1.1744426819808353,25.467015486875,33.57001716216901,0.3335967852806182,2024-08-12/2024-08-18
Model 1 - Kasten Model,99.64771777582,-3.9142469353333342,-0.894625177,27.947651897518217,0.3167727959975638,23.22187273288889,26.63844743206023,0.2978023075534531,2024-08-26/2024-09-01
Model  2 - Balint et al. Model,98.66916137618,14.787095820222223,9.362565360000005,31.023214704750547,-0.03422832014856736,26.181175257333333,32.77438469649449,0.29468215436263556,2024-08-26/2024-09-01
Model 3  - Real World GHI,99.47318220818,5.853531020222222,4.082799660000003,15.354856435839517,0.765226118803523,13.037093351555555,15.6153320595293,0.15189125551628962,2024-08-26/2024-09-01
Model 4 - Karamov Naumov,97.92527743982,-23.05247289088889,-3.4606284309999995,29.2052168598219,-0.24164899777982662,23.682501259777776,35.91085582089242,0.5193705662705945,2024-08-26/2024-09-01
Model 5 - HDKR,99.60886479582,-4.345946713111113,-5.618395840000005,15.874267687839504,0.7661486212206706,11.855751373111111,15.584623021499587,0.15449422272402197,2024-08-26/2024-09-01
LSTM,92.58186265848,82.4237482391111,75.33812746,49.80959125489783,-7.664465016509496,82.4237482391111,94.86307765048605,0.5304771126087608,2024-08-26/2024-09-01
GRU,97.78375742276,-24.624917524888893,-13.222563540000003,33.28732895701603,-0.5321592925548215,27.705468359333338,39.89130958089466,0.6208617701098517,2024-08-26/2024-09-01
ANN,97.58061719198,-26.882031200222222,-11.861073620000003,33.82827346203481,-0.675166597961403,28.52867719422222,41.71145472359303,0.6712987729436044,2024-08-26/2024-09-01
BiLSTM,99.12436547961,-9.729272448777778,-3.8462571119999995,17.468930619935968,0.6476877001100538,13.174355831000002,19.128910573254206,0.22835781437770739,2024-08-26/2024-09-01
Autoencoder with LSTM/GRU,98.20532537881999,-19.94082912422222,-8.855653680000003,23.256889339038082,0.15423390206492282,20.384797951555555,29.638175849698698,0.416427560341229,2024-08-26/2024-09-01
CNN+Transformer,98.87817005552,-12.464777160888895,-26.22733308,65.27217442850247,-2.795882777228178,54.26416359844445,62.788879114444,0.659833311685635,2024-08-26/2024-09-01
"Meta-learning + LSTM En-
semble",99.13920521538,9.564386495777779,-1.8482892309999999,93.60899643662029,-6.587536718651109,67.90921445533333,88.77214973198086,0.6377921583894101,2024-08-26/2024-09-01
MLPNN,99.25190477222,-8.312169197555558,-12.46509924,45.8563553186688,-0.866197795295522,37.653324968444444,44.025588513720756,0.48135387707155175,2024-08-26/2024-09-01
"Physical PV model + XG-
Boost + Dempster–Shafer
Theory",96.77392369274,-35.84529230288889,-23.423871592,34.182403414800376,-1.2371193055136565,36.11916399422223,48.20264912984343,0.9281921570234792,2024-08-26/2024-09-01
Spiking NN,89.49331829718,116.74090780911109,129.16232852,34.18240341480037,-13.121801513473539,116.74090780911109,121.10759661949629,0.5921611901288965,2024-08-26/2024-09-01
Clausen et al. Unreal Digital Twin,98.61932391595,15.340845378333329,7.2752390899999995,18.843688854634056,0.46951012666461434,16.57940952744444,23.472799173841523,0.20563112082326068,2024-08-26/2024-09-01
Model 1 - Kasten Model,97.11916169620997,2.9099376805959567,-2.9688270000000045,74.21555134253856,0.046709104346812524,48.1059117358687,73.89709033095386,0.27246701514133237,2024-09-02/2024-09-08
Model  2 - Balint et al. Model,96.95920508985,3.0715100102525263,-2.413719943,73.1491746428326,0.07369639542754536,47.61895291297979,72.84358188705497,0.2689424661048105,2024-09-02/2024-09-08
Model 3  - Real World GHI,91.60938080381999,8.475372925434344,-2.3664868200000058,49.18129682753977,0.569474392856878,36.53957307854546,49.6608455532055,0.19375953985215796,2024-09-02/2024-09-08
Model 4 - Karamov Naumov,95.41517801375001,4.631133319444443,-2.413719943,72.61986853531941,0.08493242520990474,51.65567162851516,72.40043893101486,0.2688783534166253,2024-09-02/2024-09-08
Model 5 - HDKR,88.870121675,11.24230133838384,-5.26310239,76.45665160025669,-0.03222856846330857,56.25227703282828,76.89578825230419,0.284253302644849,2024-09-02/2024-09-08
LSTM,63.26671295304999,37.104330350454546,27.09311319999999,89.88049950586523,-0.6363597262024687,73.9638101938687,96.8175318304535,0.33890556380556963,2024-09-02/2024-09-08
GRU,12.75759442607999,-88.12364199385858,-74.39731446,77.05440925114688,-1.3816970957442227,88.54911235860608,116.8040440562762,0.9002865443491634,2024-09-02/2024-09-08
ANN,21.53141304489,-79.26119894455555,-55.39364064,72.75096289451284,-1.0113273344765235,79.52830242958586,107.3386166193787,0.7630109021766628,2024-09-02/2024-09-08
BiLSTM,95.93281014939001,-4.1082725763737376,-10.25932054,58.4922890237687,0.40582032054013073,44.417479406313134,58.34095224929918,0.2444242211186362,2024-09-02/2024-09-08
Autoencoder with LSTM/GRU,34.795666525650006,-65.86296310540405,-49.915777199999994,60.18322278520447,-0.3831853624332999,66.23251647215152,89.01328075153944,0.561060893899372,2024-09-02/2024-09-08
CNN+Transformer,67.42922474578,-32.8997729840606,-37.611661770000005,117.39410487010343,-1.57047417409518,98.90843814826263,121.34481902374546,0.5449061264239358,2024-09-02/2024-09-08
"Meta-learning + LSTM En-
semble",35.10406887065001,-65.55144558520203,-47.45224963,87.03315817738758,-1.0591022410206503,79.85551165895959,108.60593817131213,0.626948179650211,2024-09-02/2024-09-08
MLPNN,41.742354146050005,-58.846106923181814,-41.03102340000001,95.62689693109785,-1.184749191521155,85.81005982603033,111.87045631132845,0.5984334622665203,2024-09-02/2024-09-08
"Physical PV model + XG-
Boost + Dempster–Shafer
Theory",8.737453406269992,-92.18439049871715,-81.018638212,76.07100875430996,-1.4834931502487203,92.3633116459899,119.27408652218271,0.9692933768021135,2024-09-02/2024-09-08
Spiking NN,40.202208482850054,60.40180961328283,71.5675619,76.07100875430996,-0.636899148746578,84.1695989890404,96.83348836348105,0.3513057029726393,2024-09-02/2024-09-08
Clausen et al. Unreal Digital Twin,20.419922374099983,80.38391679383838,66.9429303,72.46342555655556,-1.0354012344806724,82.64600796072727,107.97908243397437,0.3282079707136241,2024-09-02/2024-09-08
Model 1 - Kasten Model,99.90230405591,-0.2326093906904755,0.6444236955000007,73.97025366654957,-0.9413335655881203,48.87620727078571,73.08472057541687,0.4700162682611507,2024-09-09/2024-09-15
Model  2 - Balint et al. Model,99.96764304233,-0.07704037540476165,1.0094829804999998,74.33776805032275,-0.9606544570646889,49.42318763997619,73.44750366694755,0.4719993948050594,2024-09-09/2024-09-15
Model 3  - Real World GHI,99.58860281122,-0.9795171161428581,-0.67397454,72.37106615677898,-0.85863015560662,49.69714066704763,71.51102428201081,0.470645862054384,2024-09-09/2024-09-15
Model 4 - Karamov Naumov,94.77427953428,-12.442191585047624,-0.67397454,52.99537230850284,-0.05271974668038171,34.017993352761906,53.818661671179505,0.40020322284919374,2024-09-09/2024-09-15
Model 5 - HDKR,94.2272157223,-13.744724470714289,-2.163039852,56.65185747813416,-0.20736381599373654,35.07903117895238,57.636232841193966,0.4503094412467372,2024-09-09/2024-09-15
LSTM,95.8538815568,-9.87171057904762,-2.0123397745,69.24242235578514,-0.7365037849843021,54.79575957571429,69.12169450141066,0.5256961007740866,2024-09-09/2024-09-15
GRU,83.1001655797,-40.23770100071428,-21.331414925000004,54.15530751660163,-0.6290066084974748,42.59639667819048,66.94805005472995,0.7745857351944325,2024-09-09/2024-09-15
ANN,85.58702616951,-34.316604358309526,-18.08038824,47.443765752637695,-0.22663105366247294,37.42287025173809,58.09429512955576,0.6199056611911409,2024-09-09/2024-09-15
BiLSTM,93.34338615363,15.84908058659524,4.694670405000007,31.55547532580433,0.5554135693111835,25.973821467119045,34.97474935171144,0.2207706403046241,2024-09-09/2024-09-15
Autoencoder with LSTM/GRU,84.79830198509,-36.194519083119054,-25.913245225,49.75030418259721,-0.3542964782704876,41.571319440928576,61.042650645021546,0.6356187921780927,2024-09-09/2024-09-15
CNN+Transformer,87.75800152413,-29.147615418738095,-26.25967909,70.66287089763152,-1.0803763648700229,56.927295979404754,75.65671225949183,0.6565123023299202,2024-09-09/2024-09-15
"Meta-learning + LSTM En-
semble",94.88897167704,-12.169115054666669,-19.30333281,88.89751115097002,-1.8577112232644533,67.45447886180952,88.67183160036767,0.600738563657263,2024-09-09/2024-09-15
MLPNN,91.43395145824,-20.395353670857144,-16.692244035,76.22821217938927,-1.2128261406144958,54.37797325223809,78.02794257916874,0.574668469878324,2024-09-09/2024-09-15
"Physical PV model + XG-
Boost + Dempster–Shafer
Theory",79.1950432384,-49.535611337142846,-35.157959282,53.08957221918148,-0.8918299152942222,49.809592016380954,72.1468797823663,0.9524266509448042,2024-09-09/2024-09-15
Spiking NN,56.71875271456,103.05058877485713,117.42824083,53.08957221918146,-3.8596501141831565,106.73127856057144,115.63225898784238,0.5064109880879274,2024-09-09/2024-09-15
Clausen et al. Unreal Digital Twin,75.99469047685,57.155498864642865,53.654021605,46.457825716062274,-0.9530786746365338,58.534956539547615,73.30546924642259,0.35147970372254084,2024-09-09/2024-09-15
Model 1 - Kasten Model,93.79384565099,-7.95660813975641,-8.240099008,51.30883781658342,0.5230782397334414,38.77242494142308,51.596058082610774,0.21610157789851286,2024-09-30/2024-10-06
Model  2 - Balint et al. Model,95.92107463246998,-5.229391496833335,-6.758799473000002,50.541862925172545,0.5433357693820193,36.89258487496154,50.48838184141483,0.20981695912959578,2024-09-30/2024-10-06
Model 3  - Real World GHI,97.46728463638999,-3.24707097898718,-1.2061565500000029,36.213393454065795,0.7661855639355609,27.4394810950641,36.12672678791275,0.1544205044845537,2024-09-30/2024-10-06
Model 4 - Karamov Naumov,91.25698384528998,-11.208995070141027,-9.887337109999997,60.44889371147404,0.3312617309910276,45.24339977952564,61.0971626686138,0.2505305305591385,2024-09-30/2024-10-06
Model 5 - HDKR,95.63799998994999,-5.592307705192307,-2.148881051,43.77464483937706,0.6555098718281375,34.125864158884625,43.85118606402159,0.18194001698823237,2024-09-30/2024-10-06
LSTM,47.32802632673001,67.52817137598717,44.0459798655,98.82779555367631,-1.5442311615103401,86.0443369903205,119.17117944960347,0.39616720943214034,2024-09-30/2024-10-06
GRU,35.93550512949,-82.13396778270514,-59.507780175,75.39567965495804,-1.213853552109192,82.63601868785898,111.16482744161758,0.88326639407282,2024-09-30/2024-10-06
ANN,40.66583720647999,-76.0694394788718,-57.166714147,69.24297152404635,-0.8845888026699311,76.49703696779488,102.5654895031157,0.7687909937184115,2024-09-30/2024-10-06
BiLSTM,92.33239179748998,-9.830266926294872,-7.739038187999999,49.26174714082911,0.5535176265587407,38.97138329139744,49.922360599048304,0.22246005473926822,2024-09-30/2024-10-06
Autoencoder with LSTM/GRU,48.79875355906999,-65.64262364221794,-53.39588124,63.12627305953398,-0.4766868639184936,67.52751033293589,90.78982095839149,0.612829363179279,2024-09-30/2024-10-06
CNN+Transformer,64.53624503286999,-45.46635252196154,-45.426726955,104.51942319126918,-1.3023217326859458,89.75543412996153,113.3642085568899,0.5802946621505617,2024-09-30/2024-10-06
"Meta-learning + LSTM En-
semble",51.12987655806999,-62.65400441273077,-45.637556235000005,84.88130421019503,-0.9774435913113819,78.89667930570513,105.06184075854493,0.6068120647301206,2024-09-30/2024-10-06
MLPNN,53.51469031046998,-59.5965508840128,-54.605882859999994,96.71971917159884,-1.2906908623815463,89.04033811842307,113.07749931068115,0.6314016991098919,2024-09-30/2024-10-06
"Physical PV model + XG-
Boost + Dempster–Shafer
Theory",32.280327827109986,-86.82009252934617,-68.469840472,75.1960265637893,-1.350375596622086,87.14931250137181,114.54116302169928,0.9683182345141145,2024-09-30/2024-10-06
Spiking NN,48.70243608553008,65.76610758265386,84.11635964,75.1960265637893,-0.7748513060577902,87.64203714932052,99.53456920152145,0.36745577828791515,2024-09-30/2024-10-06
Clausen et al. Unreal Digital Twin,51.850405756300006,61.730249030384606,43.28028744999999,68.90026190307425,-0.5222293780407168,66.32240152946153,92.1792146110095,0.3039981008794885,2024-09-30/2024-10-06
Model 1 - Kasten Model,83.43541981683,22.08610691089333,10.000718439999998,81.26016912666095,-0.7070586378547814,55.657271392546654,83.68373998067389,0.3835791665186048,2024-10-07/2024-10-13
Model  2 - Balint et al. Model,83.32003080420002,22.239958927733337,11.69234528,81.56879485236168,-0.720807510447637,55.96543916552,84.02006400968584,0.38469499014438924,2024-10-07/2024-10-13
Model 3  - Real World GHI,82.62839326112,23.162142318506664,11.135143900000003,64.84366868188283,-0.1420557953692443,46.90059192325334,68.44796213182833,0.3348533038782623,2024-10-07/2024-10-13
Model 4 - Karamov Naumov,88.72389516096001,15.034806452053335,-0.451909477,74.445009397588,-0.38803305960682133,48.69313013023999,75.45999406043958,0.3615286578882052,2024-10-07/2024-10-13
Model 5 - HDKR,92.40735892239002,10.123521436813332,2.384513560000002,69.31136187637796,-0.18041734080170202,44.93261629478667,69.58804763011436,0.3544571894834531,2024-10-07/2024-10-13
LSTM,92.17807549591,-10.42923267212,-0.526874116,61.155153886534826,0.07398275564632584,44.57721008132001,61.63485785703164,0.3942919308837342,2024-10-07/2024-10-13
GRU,61.160774931839995,-51.78563342421333,-31.286648809999996,64.82250909847996,-0.6643308072659895,54.300277946399994,82.62979736446098,0.8314756166377271,2024-10-07/2024-10-13
ANN,67.55483794707,-43.26021607057334,-19.4199311,57.38929181976749,-0.2483214306823298,46.011354159,71.56160538891972,0.6527586713163025,2024-10-07/2024-10-13
BiLSTM,87.39069499114,16.812406678480002,5.805138909999997,36.90485557571921,0.6035291938721427,28.636227965226663,40.32946571907975,0.2127261174791034,2024-10-07/2024-10-13
Autoencoder with LSTM/GRU,67.71683034607,-43.044226205239994,-25.09173962,55.14685592932433,-0.1830830617748187,48.30121990364,69.66657820585371,0.6140691153271788,2024-10-07/2024-10-13
CNN+Transformer,81.70654136127,-24.39127818497333,-20.373257359999997,93.4783898444845,-1.246666633450697,72.57738216006666,96.0033039076014,0.6294515651848772,2024-10-07/2024-10-13
"Meta-learning + LSTM En-
semble",73.65268287907,-35.129756161239996,-19.286423550000002,79.16406170829242,-0.8081031159093732,60.155721233080016,86.12484611628508,0.5981142081294717,2024-10-07/2024-10-13
MLPNN,73.42791626037,-35.42944498617332,-27.109065320000003,68.58085902886512,-0.4371896406402842,57.029939252199995,76.78456012873633,0.5678014952668364,2024-10-07/2024-10-13
"Physical PV model + XG-
Boost + Dempster–Shafer
Theory",55.94038484876999,-58.746153534973345,-38.756969182,64.48098060715701,-0.8412501384753621,59.15311442692001,86.91070200929079,0.9604516883994771,2024-10-07/2024-10-13
Spiking NN,29.619965067230055,93.84004657702667,113.82923093,64.48098060715701,-2.146558387761842,104.56280390769334,113.614760969566,0.46740503154328594,2024-10-07/2024-10-13
Clausen et al. Unreal Digital Twin,39.81391513207002,80.24811315724,68.01536973000002,68.83156677090032,-1.7092636816630837,81.09970333156,105.42473043983692,0.39676413349886447,2024-10-07/2024-10-13
Model 1 - Kasten Model,99.44931001700999,-1.8989309758275865,-0.034653465,27.068148136268157,0.23110584529859002,21.75219721403448,26.66506318518838,0.26682435411705,2024-10-28/2024-11-03
Model  2 - Balint et al. Model,98.73899054543,4.348308464034481,4.301172709999996,22.71814007885341,0.4406797606118231,18.304700092448275,22.742573392163827,0.21282562673255995,2024-10-28/2024-11-03
Model 3  - Real World GHI,97.45195107963,8.786375587482757,11.32284512,29.412699040384183,0.013259916421464846,25.30040482555173,30.207217508455535,0.26532370807428096,2024-10-28/2024-11-03
Model 4 - Karamov Naumov,96.28911927769,-12.796140421758619,-7.842291372,31.819639219316407,-0.2342061190077298,25.42502007996552,33.783386757009275,0.3726361088786684,2024-10-28/2024-11-03
Model 5 - HDKR,98.41082830963,5.479902380586208,-0.034653465,43.00670381738806,-0.9636129625948842,26.2312350452069,42.61252633688711,0.34956044929702357,2024-10-28/2024-11-03
LSTM,62.45149681822999,129.47759717851724,131.1950444,59.63145800845253,-20.841584005576962,129.47759717851724,142.1187578825802,0.606758118662513,2024-10-28/2024-11-03
GRU,91.40136863851001,-29.650452970655166,-30.833799149999997,28.587405387293302,-0.8039796571705231,31.42013630148276,40.84370731482538,0.61634507317189,2024-10-28/2024-11-03
ANN,92.1493433682,-27.071229764827585,-18.739218704000002,28.485549406153076,-0.639705390776097,28.22795407475862,38.93966847511027,0.5611871550217861,2024-10-28/2024-11-03
BiLSTM,97.92957083624,7.139410909517241,3.546826190000001,37.02580998320182,-0.4864849359216543,29.12118479013794,37.075720000660425,0.3289802606750302,2024-10-28/2024-11-03
Autoencoder with LSTM/GRU,93.46548871657001,-22.532797529068965,-20.502080099999997,28.19627683705523,-0.37913900997647687,26.435888656172413,35.711933067594664,0.47252517944194783,2024-10-28/2024-11-03
CNN+Transformer,93.90896210287,-21.00357895562069,-31.674742550000005,54.62001380697336,-2.591960604373024,48.82552284444828,57.63351664077007,0.6208501837037219,2024-10-28/2024-11-03
"Meta-learning + LSTM En-
semble",99.43297472557,-1.9552595670000017,-20.97309114,67.83795788132126,-3.809062254457791,50.96934138017241,66.68674763282475,0.5232552617821318,2024-10-28/2024-11-03
MLPNN,99.88393082543,0.40023853299999884,-6.563803654,59.92727483963546,-2.749820504561258,49.24773045134483,58.886342040192396,0.47679044227827444,2024-10-28/2024-11-03
"Physical PV model + XG-
Boost + Dempster–Shafer
Theory",88.29605177908999,-40.358442141068956,-39.553291672,30.94776716130296,-1.7613680441145934,40.50274519782758,50.5325814640254,0.9293501603787405,2024-10-28/2024-11-03
Spiking NN,67.45395018843,112.22775797093104,113.03290844,30.947767161302956,-13.620150261251094,112.22775797093104,116.27470746704215,0.5618213041138468,2024-10-28/2024-11-03
Clausen et al. Unreal Digital Twin,82.27204274316,61.13088709255173,40.74486039,64.01545228645473,-7.319820769277081,65.28278641324138,87.71347614490251,0.4992666513161512,2024-10-28/2024-11-03
Model 1 - Kasten Model,99.65019641141002,0.3300033854622638,-4.675535050000001,80.86148962513894,-0.02170909344156846,53.258491733405656,80.47984023897713,0.27397533086691517,2024-11-04/2024-11-10
Model  2 - Balint et al. Model,99.66675021046001,0.31438659390566015,-4.315473856500001,81.47518794641049,-0.03727461872994242,53.69296839518867,81.09056975111636,0.2759277186585966,2024-11-04/2024-11-10
Model 3  - Real World GHI,99.94341710708999,-0.053380087650943694,0.23156371749999277,52.6198331873982,0.5673508383854606,38.59550453008491,52.371065460381296,0.19059556014125584,2024-11-04/2024-11-10
Model 4 - Karamov Naumov,95.39165951824002,4.347491020528303,-1.4611032535,66.30031140124551,0.3101594912570774,47.44670221113207,66.12989344422495,0.2232486556285611,2024-11-04/2024-11-10
Model 5 - HDKR,98.20840991860001,1.6901793220754708,-4.91780419650001,61.94816325546028,0.39990556867412497,46.50741370977358,61.67842491328407,0.21642717002896084,2024-11-04/2024-11-10
LSTM,81.93531187336,-17.042158610037735,-24.55045517,91.92063228532248,-0.3660836126043603,69.15852166975472,93.0598004734874,0.346688355129156,2024-11-04/2024-11-10
GRU,0.0,-101.83321299076414,-106.1479552035,79.3655637480732,-1.6200458199766508,101.92933062172641,128.87774230234132,0.9087028850443162,2024-11-04/2024-11-10
ANN,2.3154450877700015,-92.15524048323583,-91.53749833500001,72.41798337168416,-1.1591184410243587,92.53812871589624,116.99349353315132,0.7590884216086115,2024-11-04/2024-11-10
BiLSTM,84.71838479706,-14.416618115981132,-10.75648935000001,55.20570832540181,0.4909981319756834,42.3686255140566,56.80455530722737,0.22367226080417454,2024-11-04/2024-11-10
Autoencoder with LSTM/GRU,9.17495671527999,-85.68400309879246,-80.36301712000001,70.56746338562999,-0.9362353447845884,86.43419691892453,110.79050655540848,0.6786889250549478,2024-11-04/2024-11-10
CNN+Transformer,39.04499460883,-57.504722067141515,-64.62819318000001,101.57370809997326,-1.1337534247327028,96.41518331800944,116.30425181498416,0.5369167773683857,2024-11-04/2024-11-10
"Meta-learning + LSTM En-
semble",27.60180336677999,-68.30018550303774,-71.791695095,104.72328080700872,-1.4495160360937724,99.2594830525283,124.6130769367654,0.6049825651091335,2024-11-04/2024-11-10
MLPNN,22.888793800379986,-72.74642094303775,-66.61063009,91.93698463153736,-1.155527186663798,91.80425920201886,116.89615560087351,0.5939700304929104,2024-11-04/2024-11-10
"Physical PV model + XG-
Boost + Dempster–Shafer
Theory",0.0,-105.34604474050943,-113.788440212,79.99848442318701,-1.7506104496739958,105.5638459163962,132.04988292924452,0.9718126146106731,2024-11-04/2024-11-10
Spiking NN,49.92543530622006,47.24015537149056,38.7977599,79.99848442318701,-0.3520267630073848,76.51959846583019,92.57977488998523,0.320938050472867,2024-11-04/2024-11-10
Clausen et al. Unreal Digital Twin,31.625607807360026,64.50414357796227,59.2316033,55.26557212145159,-0.13358896938055498,66.74609850037734,84.77177599716809,0.24868897773580348,2024-11-04/2024-11-10
Model 1 - Kasten Model,98.74045792502,-6.997455972111112,0.8504114749999999,25.305140611631664,0.3728025288177029,20.255549330222223,25.568330481319027,0.3497447099344604,2024-11-11/2024-11-17
Model  2 - Balint et al. Model,98.79094532513,-6.716970415944444,1.3017546839999996,25.229194649465523,0.3799705506706331,20.213664012499997,25.421804850546277,0.3463601490047992,2024-11-11/2024-11-17
Model 3  - Real World GHI,98.54915001668,-8.06027768511111,-2.1742842325000002,25.650343552315572,0.34151031998888937,21.045283006555554,26.198396355163815,0.3643580726679548,2024-11-11/2024-11-17
Model 4 - Karamov Naumov,98.18942547025,-10.058747387499999,-1.0388967470000001,30.70979407007662,0.04839462506145786,24.423881848833336,31.494061047856842,0.4486526859946441,2024-11-11/2024-11-17
Model 5 - HDKR,98.70712615193,-7.182632489277779,-1.6322348654999996,28.621691297961018,0.20822642167650895,22.75323616072222,28.727691235902935,0.3918239208321392,2024-11-11/2024-11-17
LSTM,91.90922761384999,44.94873547861111,23.292273454500002,57.07103222940895,-3.889620033712191,53.87437772972223,71.39006506342646,0.552593803856157,2024-11-11/2024-11-17
GRU,97.04740414016,-16.40331033244444,1.3612797395,31.26500395500149,-0.1438571676887901,23.01608534722222,34.52916854449214,0.5902600746330162,2024-11-11/2024-11-17
ANN,97.15737124337,-15.792381981277778,1.3036994040000003,29.180445872844825,-0.010816068404851276,20.970650882833336,32.459086279938646,0.5382855280006672,2024-11-11/2024-11-17
BiLSTM,98.14997653999,10.277908111166667,9.459578849999993,24.06430503420465,0.37393947641002556,20.9218617745,25.545145568185035,0.2733425450697058,2024-11-11/2024-11-17
Autoencoder with LSTM/GRU,97.72424103395,-12.643105366944441,-1.363861386,42.2806543037423,-0.7731506792745946,34.34058806383333,42.99055414451686,0.6208850303506365,2024-11-11/2024-11-17
CNN+Transformer,98.02556490375,-10.969083868055554,0.3756817264999997,48.1573452241238,-1.2167985728922357,38.01712939038888,48.06880641323916,0.6693500959431857,2024-11-11/2024-11-17
"Meta-learning + LSTM En-
semble",93.84333184892,34.20371195044444,1.5102680529999999,80.92553648756018,-6.056390415126584,61.795035485999996,85.76133295696323,0.5862665452843855,2024-11-11/2024-11-17
MLPNN,97.29000827452,15.055509586,-2.0846664550000003,75.93127546908279,-4.4416362993844,51.61934250788889,75.31213814822945,0.5972020906736267,2024-11-11/2024-11-17
"Physical PV model + XG-
Boost + Dempster–Shafer
Theory",95.00448812092,-27.752843772666665,-10.575922507,33.220947406506696,-0.7389491234256882,28.317324543444446,42.573921964834554,0.9231695817029769,2024-11-11/2024-11-17
Spiking NN,77.52999585891999,124.83335633933332,142.010277605,33.2209474065067,-14.950676731421568,124.83335633933332,128.94062722408617,0.6489102821384963,2024-11-11/2024-11-17
Clausen et al. Unreal Digital Twin,94.22335906526,32.092449637444446,24.303490355000008,26.180342727049702,-0.6091600851172052,32.323315581222225,40.9543320849053,0.3460137064087943,2024-11-11/2024-11-17
Model 1 - Kasten Model,97.84207118359,26.974110205125,29.993965861499998,11.951644358184351,-16.498508664021895,26.974110205125,29.199130104588452,0.5142572383849285,2024-11-25/2024-12-01
Model  2 - Balint et al. Model,96.11675481559,48.540564805125,53.8348130615,21.405177460742284,-55.58652132886913,48.540564805125,52.508050344310774,0.6547939427670726,2024-11-25/2024-12-01
Model 3  - Real World GHI,97.82745147159,27.156856605125,34.900476068,20.124396139310647,-21.409340091077464,27.935012701375,33.0433392024283,0.5462961052840394,2024-11-25/2024-12-01
Model 4 - Karamov Naumov,99.57796366359,5.2754542051249995,5.7241010615,7.106567699122019,-0.47815236548189755,7.358705698625,8.48650743679636,0.24028242173745304,2024-11-25/2024-12-01
Model 5 - HDKR,99.62946280041,-4.631714994875001,-5.5617903385,5.611160423081041,-0.005720643070827647,5.678581758875,7.000161778531055,0.29788572712070555,2024-11-25/2024-12-01
LSTM,90.10218185189001,123.722726851375,127.518901295,31.938062455782163,-331.48507118394207,123.722726851375,127.27862347539241,0.8251586794526414,2024-11-25/2024-12-01
GRU,99.80559699351,2.430037581125,0.772078617,6.56807213897231,0.10408372791752651,5.294101471125,6.606981747786283,0.22364480661684555,2024-11-25/2024-12-01
ANN,99.99678732999,-0.04015837512499987,1.1158044695,6.203239298610067,0.3089218940050489,4.8711617968750005,5.802737997397044,0.2124259891973932,2024-11-25/2024-12-01
BiLSTM,98.44224966834,19.471879145750002,22.318937443,13.668647512820197,-10.136959007484942,19.471879145750002,23.29446311235148,0.45762111973892694,2024-11-25/2024-12-01
Autoencoder with LSTM/GRU,99.53801291941,-5.774838507375,-4.579461950000001,7.5503561998812,-0.7082228072027217,6.714048807624999,9.123083562491908,0.42458967647618595,2024-11-25/2024-12-01
CNN+Transformer,99.02367382068,-12.204077241499999,-13.45827068,7.6154092648185365,-3.0983202966389944,12.3367763495,14.130982000673086,0.9688822183901541,2024-11-25/2024-12-01
"Meta-learning + LSTM En-
semble",98.21510517459001,22.311185317625,-1.5441873925,58.26209841196828,-70.176118269189,33.569862131875,58.88932065937378,0.7653751836301264,2024-11-25/2024-12-01
MLPNN,99.27775424359,9.028071955125,-9.9418093135,33.37152819221549,-20.67243439875747,26.898314501875,32.495501463668305,0.6609265495361352,2024-11-25/2024-12-01
"Physical PV model + XG-
Boost + Dempster–Shafer
Theory",99.18601955145,-10.174755606875001,-11.396290262,7.462173943898902,-2.124756582568597,10.580633536875002,12.338929719895178,0.7583280069895716,2024-11-25/2024-12-01
Spiking NN,88.60708443959,142.41144450512502,141.18990985,7.462173943898904,-416.2468822782593,142.41144450512502,142.5824079646896,0.8443952246166061,2024-11-25/2024-12-01
Clausen et al. Unreal Digital Twin,96.02849017929,49.643872758875006,55.74347682,30.119935777625088,-65.87370526697892,49.769756775875,57.08172489809325,0.6704304059646943,2024-11-25/2024-12-01
Model 1 - Kasten Model,93.97870585336997,5.9616773729009935,-6.884022000000002,82.02526205836384,-0.057330923404208534,51.233836138861385,81.83562750732487,0.29058525454114986,2024-12-02/2024-12-08
Model  2 - Balint et al. Model,93.99584533120998,5.944707592861388,-6.742073859999998,80.88327214311994,-0.028217923925303534,50.824941186742585,80.70111496663287,0.28716640407408245,2024-12-02/2024-12-08
Model 3  - Real World GHI,90.47925336068998,9.426481821099012,-0.554455446,53.29836899445613,0.5419203374707295,36.80668347242574,53.86509811224271,0.20358916174676392,2024-12-02/2024-12-08
Model 4 - Karamov Naumov,94.07644863801997,5.86490233859406,-1.822489392,76.33067778748793,0.08381146618490876,52.56041205308911,76.17796660304873,0.27339458546455153,2024-12-02/2024-12-08
Model 5 - HDKR,86.01162382626,13.849877399742574,-2.456110499999994,81.07560170745086,-0.057792034849220686,54.809604856970296,81.85347018568365,0.28966733700563996,2024-12-02/2024-12-08
LSTM,68.65262224245001,31.03700768074257,23.65381354,85.52234172397719,-0.29539450843946513,69.93335843121783,90.58118036229538,0.3111865467732052,2024-12-02/2024-12-08
GRU,6.286610754679998,-92.7855339062574,-83.549299019,80.55102174107125,-1.3734644987791715,93.27609573300988,122.61068533064307,0.9043491415977825,2024-12-02/2024-12-08
ANN,15.324580403030012,-83.83704910591089,-74.60727279,75.37443786773395,-0.9977624440652464,84.28029152628713,112.48869335785746,0.7663470191268169,2024-12-02/2024-12-08
BiLSTM,90.10905627435002,-9.793013589752476,-7.701673499999998,59.017538879670994,0.4403976766065729,46.12678029555445,59.535595823287984,0.24411748287333465,2024-12-02/2024-12-08
Autoencoder with LSTM/GRU,26.00852606285001,-73.25888508628712,-53.25528819,67.72513747115593,-0.5642943744506705,74.2174824621089,99.53966885247831,0.623831994059573,2024-12-02/2024-12-08
CNN+Transformer,58.98439504981001,-40.60950985167327,-35.66469981,109.03840239716774,-1.1188691909193098,93.69794200224754,115.84812869187687,0.534752026839439,2024-12-02/2024-12-08
"Meta-learning + LSTM En-
semble",54.861189504150005,-44.691891580049514,-32.40274468,104.55298774394689,-1.0240897127816857,87.19080914452475,113.22747659625416,0.5214503723169106,2024-12-02/2024-12-08
MLPNN,36.70600601595001,-62.667320776287134,-50.0454161,96.3062252029374,-1.0698416611334216,90.23709347280197,114.50000664555189,0.5964892213014874,2024-12-02/2024-12-08
"Physical PV model + XG-
Boost + Dempster–Shafer
Theory",2.2710198214300163,-96.76136651343566,-83.691198322,79.98299026569454,-1.4781894093459016,96.97718799557427,125.28647727510354,0.970735310094679,2024-12-02/2024-12-08
Spiking NN,43.616918065450065,55.824833598564375,68.89500179,79.98299026569454,-0.4920179811930885,83.61180905797029,97.2129177875297,0.3451554347603237,2024-12-02/2024-12-08
Clausen et al. Unreal Digital Twin,25.097021206180003,74.16136514239604,64.69925599000001,68.35969433521788,-0.5987977699450293,77.52350072211881,100.63144682102669,0.3011362667705494,2024-12-02/2024-12-08
Model 1 - Kasten Model,97.90273820699001,-5.115272665878046,-1.06067415,55.16249166087351,0.1279375728883737,35.614629380609756,54.725217365050966,0.29274048531303787,2024-12-09/2024-12-15
Model  2 - Balint et al. Model,97.80155606172,-5.362058386048779,-0.50990099,54.81687693733082,0.13798288265990122,35.58853515273171,54.409113826334966,0.29213483681801794,2024-12-09/2024-12-15
Model 3  - Real World GHI,96.37387679979,-8.844202927341462,-1.859971711,51.58682617518701,0.22121543591014248,35.07508723753658,51.71569614432498,0.28698602392451195,2024-12-09/2024-12-15
Model 4 - Karamov Naumov,95.0573904258,-12.05514530292683,-1.859971711,44.09864672112553,0.40522477468044193,34.458146376,45.19497418763137,0.26531444282952277,2024-12-09/2024-12-15
Model 5 - HDKR,90.90837918588,-22.174684912487802,-8.562692659999996,38.6651423525753,0.43211274507466835,30.50761721404878,44.161596829418734,0.3095556268992865,2024-12-09/2024-12-15
LSTM,91.82303827318,-19.943809089804876,-13.843453500000003,78.40010536070326,-0.8619732623514449,61.622054006780495,79.9650895146017,0.5478562164993975,2024-12-09/2024-12-15
GRU,78.77368370786,-51.77150315156098,-30.07425743,59.192057068530595,-0.7758157225649835,54.83750415946343,78.09309873659444,0.7924488424426015,2024-12-09/2024-12-15
ANN,80.77786183888,-46.88326380760976,-25.724185327,54.4152852243451,-0.48122478650203604,50.68565662858537,71.32211165999702,0.6802850597092615,2024-12-09/2024-12-15
BiLSTM,99.13851827068,-2.1011749495609755,-0.107496464,37.014065994127016,0.6095059324874449,27.42697376507318,36.6202182059872,0.22340452522208618,2024-12-09/2024-12-15
Autoencoder with LSTM/GRU,78.91847333519,-51.41835771904878,-29.8145341,59.158403285756535,-0.7640730594148986,56.72849397260977,77.83447338066995,0.7381446051436636,2024-12-09/2024-12-15
CNN+Transformer,82.0837621153,-43.69814118219512,-29.81757718,77.61352078434523,-1.267319881553044,66.5085127277561,88.2409359119955,0.6880567804902414,2024-12-09/2024-12-15
"Meta-learning + LSTM En-
semble",90.53185540748001,-23.093035591512194,-15.47040261,80.51063577731945,-0.9967169080589156,60.05733575034147,82.8079351294885,0.5361622985857194,2024-12-09/2024-12-15
MLPNN,90.22725976208,-23.83595179980488,-23.55885316,82.2966245711828,-1.0894729811183637,65.20260491673172,84.70949397632346,0.5596406426348299,2024-12-09/2024-12-15
"Physical PV model + XG-
Boost + Dempster–Shafer
Theory",75.12097926756,-60.680538371804886,-36.326983332000005,59.33017649709969,-1.0721892174483219,61.18470108536586,84.35841521887653,0.9583112970088448,2024-12-09/2024-12-15
Spiking NN,62.31867868652,91.90566174019511,116.25921678,59.33017649709969,-2.4595582792717328,96.86248160360975,108.99938137921453,0.4530044040870354,2024-12-09/2024-12-15
Clausen et al. Unreal Digital Twin,85.5381932657,35.27269935195122,33.35645501,44.04593986466971,0.08657715205371508,42.274797870926825,56.00794561335782,0.26412195130576877,2024-12-09/2024-12-15
